score,title,price,units,unit_price,size,source,style,materials,reason,url,image,first_seen
9.0,VINSÆL LYBY tungusófi sand P009394 / S000,199890,1,199890,,JYSK,"modern, relaxed",woven fabric,"The candidate sofa is a light cream color with a soft, woven fabric, featuring a relaxed design with plush cushions, rounded arms, and clean lines. It has a low profile and hidden legs, matching the desired aesthetic closely.",https://jysk.is/stok-vara/LYBY-tungusofi-sand/?PathId=daa6be5b-5fc6-4c03-a44a-6267f53d68a8,https://jysk.is/library/Images/products/P009394XXX.jpg?proc=366x366,2026-10-08 06:47 UTC
9.0,VINSÆL LYBY tungusófi sand P009394 / S000,199890,1,199890,,JYSK,modern minimal,woven fabric,"The sofa is light cream with soft fabric, plush cushions, and clean lines, matching the aesthetic perfectly.",https://jysk.is/stok-vara/LYBY-tungusofi-sand/?PathId=308afa23-8d9e-4bb2-8dfa-fb8a3ade083c,https://jysk.is/library/Images/products/P009394XXX.jpg?proc=366x366,2026-10-08 06:47 UTC
9.0,LYBY hornsófi m/opnum enda sand P009391 / S000,269790,1,269790,,JYSK,"modern, minimalist",linen-look fabric,"Matches the warm greige color and relaxed style with plush cushions, soft rounded arms, and hidden legs, fitting well with the reference images.",https://jysk.is/stok-vara/LYBY-hornsofi-m-opnum-enda-sand/?PathId=daa6be5b-5fc6-4c03-a44a-6267f53d68a8,https://jysk.is/library/Images/products/P009391.jpg?proc=366x366,2026-10-08 06:47 UTC
9.0,LYBY hornsófi sand P009390 / S000,279790,1,279790,,JYSK,"modern, relaxed",woven fabric,"The sofa's light warm greige color, soft woven fabric, loose back cushions, and hidden legs align closely with the desired style.",https://jysk.is/stok-vara/LYBY-hornsofi-sand/?PathId=daa6be5b-5fc6-4c03-a44a-6267f53d68a8,https://jysk.is/library/Images/products/P009390.jpg?proc=366x366,2026-10-08 06:47 UTC
9.0,Vesta tungusófi hægri Mito Beige,279992,1,279992,,Húsgagnahöllin,"modern, clean-lined",woven fabric,"The sofa has a light cream color, soft rounded arms, plush cushions, and simple lines, matching the desired aesthetic closely.",https://husgagnahollin.is/vara/vesta-tungusofi-haegri-mito-beige/,https://husgagnahollin.is/wp-content/uploads/2026/04/Vesta-tungusofi-haegri-Mito-beige-haegri-6.webp,2026-10-07 17:46 UTC
9.0,HEAVEN Tungusófi vinstri off white,371940,1,371940,,ILVA,modern minimalist,soft woven fabric,"The sofa's light off-white color, plush loose back cushions, and simple lines closely match the desired aesthetic.",https://www.ilva.is/stok-vara/?ProductName=HEAVEN-Tungusofi-vinstri-off-white&PathId=1fc7d092-ce9e-11ef-81b7-8f3b82297126,https://www.ilva.is/library/Images/Products/V010472.jpg?proc=366x366,2026-10-07 17:46 UTC
8.0,Tungusófi,60000,1,60000,,Bland (notað),"modern, simple",woven fabric,"The sofa matches the desired style with its light color, soft fabric, simple lines, and L-shape. It lacks visible legs but fits the overall relaxed and deep aesthetic.",https://bland.is/til-solu/heimilid/stofa/tungusofi/5293104/,https://img.bland.is/album/img/258165/m/20261006155028_0.jpg,2026-10-07 17:46 UTC
8.0,AIMEE Tungusófi hægri off white,151840,1,151840,,ILVA,modern minimalist,woven fabric,"The sofa has a light, off-white color with a woven fabric, clean lines, low profile, and hidden legs, fitting most target criteria.",https://www.ilva.is/stok-vara/?ProductName=AIMEE-Tungusofi-haegri-off-white&PathId=1fc7d092-ce9e-11ef-81b7-8f3b82297126,https://www.ilva.is/library/Images/Products/V009685.png?proc=366x366,2026-10-07 21:43 UTC
8.0,AIMEE Tungusófi vinstri off white,151840,1,151840,,ILVA,modern minimal,woven fabric,"The sofa is L-shaped with a soft woven fabric, off-white color, simple lines, and hidden legs, fitting the desired aesthetic.",https://www.ilva.is/stok-vara/?ProductName=AIMEE-Tungusofi-vinstri-off-white&PathId=1fc7d092-ce9e-11ef-81b7-8f3b82297126,https://www.ilva.is/library/Images/Products/V009686.png?proc=366x366,2026-10-07 21:43 UTC
8.0,AIMEE 4ra sæta sófi off white,159840,1,159840,,ILVA,"modern, clean lines","woven fabric, wood legs","The sofa has a modern design with clean lines and a light woven fabric, fitting well with the desired aesthetic, although its bulkier shape slightly deviates from the relaxed look.",https://www.ilva.is/stok-vara/?ProductName=AIMEE-4ra-saeta-sofi-off-white&PathId=4281ffde-4606-4172-b524-c44ff6c618af,https://www.ilva.is/library/Images/Products/V013982.jpg?proc=366x366,2026-10-07 17:46 UTC
8.0,SKEJBY tungusófi lítill hægri tunga opin endi sand P011555 / S363,159990,1,159990,,JYSK,modern minimalist,woven fabric,"The candidate sofa fits the L-shaped preference in an off-white fabric with clean lines and hidden legs, matching the desired relaxed style.",https://jysk.is/stok-vara/SKEJBY-tungusofi-litill-haegri-tunga-opin-endi-sand/?PathId=daa6be5b-5fc6-4c03-a44a-6267f53d68a8,https://jysk.is/library/Images/products/P011555.jpg?proc=366x366,2026-10-08 06:47 UTC
8.0,SKEJBY tungusófi lítill hægri tunga opin endi sand P011555 / S363,159990,1,159990,,JYSK,modern minimal,woven fabric,"The candidate sofa matches the light cream color and low profile with clean, simple lines, but lacks the plush loose back cushions and has hidden legs.",https://jysk.is/stok-vara/SKEJBY-tungusofi-litill-haegri-tunga-opin-endi-sand/?PathId=308afa23-8d9e-4bb2-8dfa-fb8a3ade083c,https://jysk.is/library/Images/products/P011555.jpg?proc=366x366,2026-10-08 06:47 UTC
8.0,LYBY sófi 3ja sæta sand P009393 / S000,169890,1,169890,,JYSK,"modern, relaxed",woven fabric,"The candidate sofa has a light warm color, soft fabric, and clean lines with plush cushions, but lacks an L-shape or hidden legs.",https://jysk.is/stok-vara/LYBY-sofi-3ja-saeta-sand/?PathId=308afa23-8d9e-4bb2-8dfa-fb8a3ade083c,https://jysk.is/library/Images/products/P009393.jpg?proc=366x366,2026-10-08 06:47 UTC
8.0,CANTON Tungusófi hægri hvítur með 16cm keilulaga eikarfótum,169900,1,169900,,ILVA,modern minimalist,"linen-look fabric, wooden legs","The sofa has a light cream fabric, wooden legs, clean lines, and relaxed proportions, which align well with the desired aesthetic.",https://www.ilva.is/stok-vara/?ProductName=CANTON-Tungusofi-haegri-hvitur-med-16cm-keilulaga-eikarfotum&PathId=1fc7d092-ce9e-11ef-81b7-8f3b82297126,https://www.ilva.is/library/Images/Products/V014328.jpg?proc=366x366,2026-10-07 17:46 UTC
8.0,CANTON Tungusófi vinstri hvítur með 16cm keilulaga eikarfótum,169900,1,169900,,ILVA,"modern, minimalist",linen-look fabric,"The sofa has a light cream color, linen-look fabric, and a simple, clean design with low wooden legs, matching the relaxed aesthetic desired.",https://www.ilva.is/stok-vara/?ProductName=CANTON-Tungusofi-vinstri-hvitur-med-16cm-keilulaga-eikarfotum&PathId=1fc7d092-ce9e-11ef-81b7-8f3b82297126,https://www.ilva.is/library/Images/Products/V014327.jpg?proc=366x366,2026-10-07 17:46 UTC
8.0,CANTON Tungusófi vinstri hvítur með 16 cm keilulaga svörtum viðarfótum,169900,1,169900,,ILVA,"modern, clean lines",fabric upholstery,"The sofa is a light color and has simple, clean lines with wooden legs, fitting the relaxed and modern aesthetic.",https://www.ilva.is/stok-vara/?ProductName=CANTON-Tungusofi-vinstri-hvitur-med-16-cm-keilulaga-svortum-vidarfotum&PathId=1fc7d092-ce9e-11ef-81b7-8f3b82297126,https://www.ilva.is/library/Images/Products/V014336.jpg?proc=366x366,2026-10-07 17:46 UTC
8.0,SKIBBY tungusófi hægri sand P013095 / S001,179990,1,179990,,JYSK,"modern, minimalist",woven fabric,"The sofa is a light neutral tone with clean lines and a relaxed L-shaped design, which fits well with the reference aesthetics.",https://jysk.is/stok-vara/SKIBBY-tungusofi-haegri-sand/?PathId=308afa23-8d9e-4bb2-8dfa-fb8a3ade083c,https://jysk.is/library/Images/products/P013095.jpg?proc=366x366,2026-10-08 06:47 UTC
8.0,VINSÆL SKEJBY tungusófi hægri sand P009243 / S364,189990,1,189990,,JYSK,modern minimalist,woven fabric,"The sofa is light-colored with soft fabric and clean lines, matching the relaxed, modern aesthetic of the references.",https://jysk.is/stok-vara/SKEJBY-tungusofi-haegri-sand/?PathId=daa6be5b-5fc6-4c03-a44a-6267f53d68a8,https://jysk.is/library/Images/products/P009243.jpg?proc=366x366,2026-10-08 06:47 UTC
8.0,VINSÆL SKEJBY tungusófi hægri sand P009243 / S364,189990,1,189990,,JYSK,modern minimalist,woven fabric,"The candidate sofa has a light, warm greige color, soft rounded arms, clean lines, and a low-profile design with hidden legs, aligning well with the target aesthetic.",https://jysk.is/stok-vara/SKEJBY-tungusofi-haegri-sand/?PathId=308afa23-8d9e-4bb2-8dfa-fb8a3ade083c,https://jysk.is/library/Images/products/P009243.jpg?proc=366x366,2026-10-08 06:47 UTC
8.0,AIMEE Tungusófi vinstri off white með miðjueiningu,199760,1,199760,,ILVA,modern minimalistic,linen-look fabric,"The sofa's color and fabric closely resemble the desired aesthetic, with a low-profile, generous design and an L-shape, but it lacks visible wooden elements for legs.",https://www.ilva.is/stok-vara/?ProductName=AIMEE-Tungusofi-vinstri-off-white-med-midjueiningu&PathId=1fc7d092-ce9e-11ef-81b7-8f3b82297126,https://www.ilva.is/library/Images/Products/V011413.jpg?proc=366x366,2026-10-07 17:46 UTC
8.0,SKEJBY tungusófi stór hægri tunga opin endi sand P011787 / S363,209990,1,209990,,JYSK,"minimalist, modular",woven fabric,"The candidate sofa has a light cream color and soft woven fabric, with clean lines and a low profile, fitting well with the reference aesthetics.",https://jysk.is/stok-vara/SKEJBY-tungusofi-stor-haegri-tunga-opin-endi-sand/?PathId=daa6be5b-5fc6-4c03-a44a-6267f53d68a8,https://jysk.is/library/Images/products/P011787.jpg?proc=366x366,2026-10-08 06:47 UTC
8.0,RUNAR Hornsófi hægri natural,239940,1,239940,,ILVA,modern minimalist,woven fabric,"The candidate sofa has a light cream color, soft woven look, concealed legs, and clean lines, which align well with the reference aesthetics.",https://www.ilva.is/stok-vara/?ProductName=RUNAR-Hornsofi-haegri-natural&PathId=1fc7d092-ce9e-11ef-81b7-8f3b82297126,https://www.ilva.is/library/Images/Products/V011275.jpg?proc=366x366,2026-10-07 17:46 UTC
8.0,RUNAR Hornsófi vinstri natural,239940,1,239940,,ILVA,"modern, relaxed",woven fabric,"The sofa matches the target style with its light greige fabric, generous L-shape, plush loose cushions, and simple design.",https://www.ilva.is/stok-vara/?ProductName=RUNAR-Hornsofi-vinstri-natural&PathId=1fc7d092-ce9e-11ef-81b7-8f3b82297126,https://www.ilva.is/library/Images/Products/V011274.jpg?proc=366x366,2026-10-07 17:46 UTC
8.0,SKEJBY hornsófi m/opnum enda sand P009240 / S363,259990,1,259990,,JYSK,modern minimalist,soft woven fabric,"The sofa is light cream with a soft woven texture, relaxed deep seating, and clean lines, closely matching the target aesthetic.",https://jysk.is/stok-vara/SKEJBY-hornsofi-m-opnum-enda-sand/?PathId=daa6be5b-5fc6-4c03-a44a-6267f53d68a8,https://jysk.is/library/Images/products/P009240.jpg?proc=366x366,2026-10-08 06:47 UTC
8.0,SKEJBY hornsófi m/opnum enda sand P009240 / S363,259990,1,259990,,JYSK,"minimalist, modern",woven fabric,"The sofa has a light, warm tone, soft fabric, low profile, and simple, clean lines matching the aesthetic.",https://jysk.is/stok-vara/SKEJBY-hornsofi-m-opnum-enda-sand/?PathId=308afa23-8d9e-4bb2-8dfa-fb8a3ade083c,https://jysk.is/library/Images/products/P009240.jpg?proc=366x366,2026-10-08 06:47 UTC
8.0,LYBY hornsófi m/opnum enda sand P009391 / S000,269790,1,269790,,JYSK,modern relaxed,woven fabric,"The candidate sofa features a light greige woven fabric, low and spacious design with plush loose back cushions and soft rounded arms, aligning well with the desired aesthetic.",https://jysk.is/stok-vara/LYBY-hornsofi-m-opnum-enda-sand/?PathId=308afa23-8d9e-4bb2-8dfa-fb8a3ade083c,https://jysk.is/library/Images/products/P009391.jpg?proc=366x366,2026-10-08 06:47 UTC
8.0,LYBY hornsófi sand P009390 / S000,279790,1,279790,,JYSK,"modern, relaxed",woven fabric,"The candidate sofa features a light cream color in a soft woven fabric, with a relaxed and deep seat design and plush back cushions, matching the desired aesthetic.",https://jysk.is/stok-vara/LYBY-hornsofi-sand/?PathId=308afa23-8d9e-4bb2-8dfa-fb8a3ade083c,https://jysk.is/library/Images/products/P009390.jpg?proc=366x366,2026-10-08 06:47 UTC
8.0,PARKER Tungusófi hægri hvítur,289900,1,289900,,ILVA,modern minimal,soft fabric,"The sofa has the right color and shape with soft rounded arms and clean lines, but the visible dark legs diminish the match slightly.",https://www.ilva.is/stok-vara/?ProductName=PARKER-Tungusofi-haegri-hvitur&PathId=1fc7d092-ce9e-11ef-81b7-8f3b82297126,https://www.ilva.is/library/Images/Products/V007182.jpg?proc=366x366,2026-10-07 17:46 UTC
8.0,KOGE tungusófi hægri beige P012410 / 1301,299990,1,299990,,JYSK,modern minimalist,soft woven fabric,"The candidate has a light color, soft fabric, rounded arms, and a low, generous design matching the relaxed and plush aesthetic.",https://jysk.is/stok-vara/KOGE-tungusofi-haegri-beige/?PathId=daa6be5b-5fc6-4c03-a44a-6267f53d68a8,https://jysk.is/library/Images/products/P012410.jpg?proc=366x366,2026-10-08 06:47 UTC
8.0,KOGE tungusófi vinstri beige P012409 / 1301,299990,1,299990,,JYSK,modern minimalist,woven fabric,"The sofa is light cream with a soft woven texture, has clean lines, and features an L-shape with a low profile, matching the relaxed and deep style of the references.",https://jysk.is/stok-vara/KOGE-tungusofi-vinstri-beige/?PathId=daa6be5b-5fc6-4c03-a44a-6267f53d68a8,https://jysk.is/library/Images/products/P012409.jpg?proc=366x366,2026-10-08 06:47 UTC
8.0,SKEJBY U-tungusófi sand P011788 / S363,319990,1,319990,,JYSK,modern minimalist,soft woven fabric,"The sofa is a light cream color in a soft woven fabric with clean simple lines and rounded arms, matching the relaxed aesthetic of the reference images.",https://jysk.is/stok-vara/SKEJBY-U-tungusofi-sand/?PathId=daa6be5b-5fc6-4c03-a44a-6267f53d68a8,https://jysk.is/library/Images/products/P011788.jpg?proc=366x366,2026-10-08 06:47 UTC
8.0,SKEJBY U-tungusófi sand P011788 / S363,319990,1,319990,,JYSK,"minimalist, modern",woven fabric,"The sofa has the right light cream color and soft woven fabric, with clean lines and a low, generous L-shape, matching the target aesthetic.",https://jysk.is/stok-vara/SKEJBY-U-tungusofi-sand/?PathId=308afa23-8d9e-4bb2-8dfa-fb8a3ade083c,https://jysk.is/library/Images/products/P011788.jpg?proc=366x366,2026-10-08 06:47 UTC
8.0,VARDO tungusófi vinstri beige P013100 / DP,349990,1,349990,,JYSK,"modern, plush, relaxed",woven fabric,"The sofa is light beige with soft, rounded arms, plush seating, and simple lines, fitting well with the target aesthetic.",https://jysk.is/stok-vara/VARDO-tungusofi-vinstri-beige/?PathId=daa6be5b-5fc6-4c03-a44a-6267f53d68a8,https://jysk.is/library/Images/products/P013100.jpg?proc=366x366,2026-10-08 06:47 UTC
8.0,SIENA Tungusófi hægri sandlitaður,351920,1,351920,,ILVA,"modern, minimalist",soft woven fabric,"The sofa matches the desired light, warm tone and minimalistic style with its simple lines and soft fabric, but it lacks the plush, loose back cushions and visible wooden legs.",https://www.ilva.is/stok-vara/?ProductName=SIENA-Tungusofi-haegri-sandlitadur-2&PathId=1fc7d092-ce9e-11ef-81b7-8f3b82297126,https://www.ilva.is/library/Images/Products/V013134.jpg?proc=366x366,2026-10-07 17:46 UTC
8.0,LEAN Hornsófi hægri drapplitaður,352425,1,352425,,ILVA,modern and simple,woven fabric,"The sofa matches the target look with its light greige color and woven fabric, featuring an L-shaped design with soft lines and low proportions.",https://www.ilva.is/stok-vara/?ProductName=LEAN-Hornsofi-haegri-drapplitadur&PathId=1fc7d092-ce9e-11ef-81b7-8f3b82297126,https://www.ilva.is/library/Images/Products/V010468.jpg?proc=366x366,2026-10-07 17:46 UTC
8.0,LEAN Hornsófi vinstri drapplitaður,352425,1,352425,,ILVA,modern minimalist,woven fabric,"The candidate sofa is a light greige corner sofa with simple lines, soft fabric, and hidden legs, closely matching the desired aesthetic.",https://www.ilva.is/stok-vara/?ProductName=LEAN-Hornsofi-vinstri-drapplitadur&PathId=1fc7d092-ce9e-11ef-81b7-8f3b82297126,https://www.ilva.is/library/Images/Products/V010467.jpg?proc=366x366,2026-10-07 17:46 UTC
8.0,Vesta tungusófi hægri (C1) Denali beige,367984,1,367984,,Húsgagnahöllin,"minimalist, rounded",woven fabric,"The sofa is a light greige in a soft woven fabric with plush cushions and rounded arms, matching the relaxed and deep aesthetic desired, though with slightly visible legs.",https://husgagnahollin.is/vara/vesta-tungusofi-haegri-c1-denali-beige/,https://husgagnahollin.is/wp-content/uploads/2023/05/Vesta-tungusofi-haegri-C1-Denali-beige-496670006099150162.jpg,2026-10-07 17:46 UTC
8.0,VARDO hornsófi beige (hægt að víxla) P013104 / DP,379990,1,379990,,JYSK,"modern, minimalist","fabric, wood","The sofa is light-colored with a soft fabric, has a relaxed and deep design, plush cushions, and hidden legs, fitting well with the desired aesthetic.",https://jysk.is/stok-vara/VARDO-hornsofi-beige-haegt-ad-vixla/?PathId=daa6be5b-5fc6-4c03-a44a-6267f53d68a8,https://jysk.is/library/Images/products/P013104.jpg?proc=366x366,2026-10-08 06:47 UTC
8.0,Bib sófi,384900,1,384900,,Módern,"modern, rounded",woven fabric,"The candidate sofa has a similar off-white woven fabric, with soft rounded arms and clean simple lines, matching the desired aesthetic.",https://modern.is/shop/husgogn/sofar-og-legubekkir/beinir-sofar/bib-sofi/,https://modern.is/wp-content/uploads/2025/08/Photoroom_20250819_014254-2-300x300.png,2026-10-07 17:46 UTC
8.0,Nelson hornsófi vinstri Hevre beige Bb,391992,1,391992,,Húsgagnahöllin,modern relaxed,woven fabric,"The Nelson sofa has a light woven fabric, soft rounded arms, loose back cushions, and a low, L-shaped design that matches the desired aesthetic.",https://husgagnahollin.is/vara/nelson-hornsofi-vinstri-hevre-beige-bb/,https://husgagnahollin.is/wp-content/uploads/2026/01/104835098002-Nelson-hornsofi-haegri-Hevre-beige-Bb-1-copy.webp,2026-10-07 17:46 UTC
7.0,Sofa 160x220x320cm,45000,1,45000,,Bland (notað),modern L-shaped,woven fabric,"The sofa is a light neutral color, L-shaped with simple lines, but lacks plush loose back cushions and softer rounded arms.",https://bland.is/til-solu/heimilid/stofa/sofa-160x220x320cm/5292308/,https://img.bland.is/album/img/427317/m/20261004084607_0.jpg,2026-10-07 17:46 UTC
7.0,SKEJBY sófaeining hægri tungu endi m/bak sand P011031 / 3680081,69990,1,69990,,JYSK,"minimalist, modern",woven fabric,"The sofa has a light, neutral color and a soft, woven appearance with clean lines and low proportions, fitting the relaxed aesthetic.",https://jysk.is/stok-vara/SKEJBY-sofaeining-haegri-tungu-endi-m-bak-sand/?PathId=daa6be5b-5fc6-4c03-a44a-6267f53d68a8,https://jysk.is/library/Images/products/P011031.jpg?proc=366x366,2026-10-08 06:47 UTC
7.0,SKEJBY sófaeining hægri tungu endi m/bak sand P011031 / 3680081,69990,1,69990,,JYSK,minimalist modern,linen-look fabric,"The candidate sofa has a light, warm greige color with a soft, woven appearance, straight simple lines, and a low profile. However, it lacks the plush loose back cushions and rounded arms.",https://jysk.is/stok-vara/SKEJBY-sofaeining-haegri-tungu-endi-m-bak-sand/?PathId=308afa23-8d9e-4bb2-8dfa-fb8a3ade083c,https://jysk.is/library/Images/products/P011031.jpg?proc=366x366,2026-10-08 06:47 UTC
7.0,AIMEE 2ja sæta eining hægri off white,79920,1,79920,,ILVA,"modern, minimal",soft woven-look fabric,"The candidate sofa is a light off-white, appears to have a soft fabric, simple lines, and low profile, but lacks visible legs and is not a full L-shape.",https://www.ilva.is/stok-vara/?ProductName=AIMEE-2ja-saeta-eining-haegri-off-white&PathId=36e020c6-4e5a-476c-bce0-f311c654ed46,https://www.ilva.is/library/Images/Products/V012722.jpg?proc=366x366,2026-10-07 17:46 UTC
7.0,AIMEE 2ja sæta eining vinstri off white,79920,1,79920,,ILVA,modern minimal,woven fabric,"The color and fabric are appropriate, but the lack of plush loose back cushions and very low base deviate from the relaxed look.",https://www.ilva.is/stok-vara/?ProductName=AIMEE-2ja-saeta-eining-vinstri-off-white&PathId=36e020c6-4e5a-476c-bce0-f311c654ed46,https://www.ilva.is/library/Images/Products/V012720.jpg?proc=366x366,2026-10-07 17:46 UTC
7.0,SKEJBY sófi 2ja sæta sand P009241 / S364086,84990,1,84990,,JYSK,"modern, minimal",woven fabric,"The sofa is light in color with soft lines, hidden legs, and a minimalist design, but lacks the plush loose back cushions and deep seating preferred.",https://jysk.is/stok-vara/SKEJBY-sofi-2ja-saeta-sand/?PathId=f6d7172e-17b7-451c-bff9-8ef08a1d4c2a,https://jysk.is/library/Images/products/P009241.jpg?proc=366x366,2026-10-08 06:47 UTC
7.0,SKEJBY sófi 2ja sæta sand P009241 / S364086,84990,1,84990,,JYSK,"rounded, minimalist",soft woven fabric,"The sofa has a soft fabric in a light cream colour with rounded arms and simple lines, but lacks loose back cushions and an L-shape.",https://jysk.is/stok-vara/SKEJBY-sofi-2ja-saeta-sand/?PathId=308afa23-8d9e-4bb2-8dfa-fb8a3ade083c,https://jysk.is/library/Images/products/P009241.jpg?proc=366x366,2026-10-08 06:47 UTC
7.0,LYBY sófi 2ja sæta sand P009392 / S000797,94990,1,94990,,JYSK,relaxed and simple,soft woven fabric,"The sofa features a suitable light color and fabric, but lacks the L-shape and has slightly more structured lines than desired.",https://jysk.is/stok-vara/LYBY-sofi-2ja-saeta-sand/?PathId=f6d7172e-17b7-451c-bff9-8ef08a1d4c2a,https://jysk.is/library/Images/products/P009392.jpg?proc=366x366,2026-10-08 06:47 UTC
7.0,LYBY sófi 2ja sæta sand P009392 / S000797,94990,1,94990,,JYSK,"modern, simple, low","woven fabric, wood","The sofa has a soft woven fabric in a warm neutral color with clean lines and low profile, matching the relaxed and simple style desired.",https://jysk.is/stok-vara/LYBY-sofi-2ja-saeta-sand/?PathId=308afa23-8d9e-4bb2-8dfa-fb8a3ade083c,https://jysk.is/library/Images/products/P009392.jpg?proc=366x366,2026-10-08 06:47 UTC
7.0,VINSÆL SKEJBY sófi 3ja sæta sand P009242 / S364,159990,1,159990,,JYSK,modern minimalist,soft woven fabric,"The sofa has soft woven material and a light color, with clean lines and rounded arms, but lacks the loose back cushions and L-shape or chaise preference.",https://jysk.is/stok-vara/SKEJBY-sofi-3ja-saeta-sand/?PathId=308afa23-8d9e-4bb2-8dfa-fb8a3ade083c,https://jysk.is/library/Images/products/P009242.jpg?proc=366x366,2026-10-08 06:47 UTC
7.0,LYBY sófi 3ja sæta sand P009393 / S000,169890,1,169890,,JYSK,"modern, plush",woven fabric,"The sofa features a soft woven fabric and plush cushions with simple lines, matching the desired style, but it lacks the L-shape or chaise preference.",https://jysk.is/stok-vara/LYBY-sofi-3ja-saeta-sand/?PathId=f6d7172e-17b7-451c-bff9-8ef08a1d4c2a,https://jysk.is/library/Images/products/P009393.jpg?proc=366x366,2026-10-08 06:47 UTC
7.0,CANTON Tungusófi hægri hvítur með 16 cm keilulaga svörtum viðarfótum,169900,1,169900,,ILVA,modern minimalist,linen-look fabric,"The sofa is an L-shaped corner with a light fabric, matching the target aesthetic; however, the legs are more visible than preferred.",https://www.ilva.is/stok-vara/?ProductName=CANTON-Tungusofi-haegri-hvitur-med-16-cm-keilulaga-svortum-vidarfotum&PathId=1fc7d092-ce9e-11ef-81b7-8f3b82297126,https://www.ilva.is/library/Images/Products/V014337.jpg?proc=366x366,2026-10-07 17:46 UTC
7.0,CANTON Tungusófi hægri hvítur með 16 cm keilulaga reyklituðum eikarfótum,169900,1,169900,,ILVA,simple modern,woven fabric,"The sofa's color and fabric are close to the target look, with a simple design and short wooden legs, but it's more structured with less relaxed cushions.",https://www.ilva.is/stok-vara/?ProductName=CANTON-Tungusofi-haegri-hvitur-med-16-cm-keilulaga-reyklitudum-eikarfotum&PathId=1fc7d092-ce9e-11ef-81b7-8f3b82297126,https://www.ilva.is/library/Images/Products/V014339.jpg?proc=366x366,2026-10-07 17:46 UTC
7.0,SKIBBY tungusófi hægri sand P013095 / S001,179990,1,179990,,JYSK,"modern, boxy",woven fabric,"The candidate sofa has a light neutral color and woven texture, but its boxy shape and lack of visible soft cushions and rounded arms make it less relaxed compared to the reference images.",https://jysk.is/stok-vara/SKIBBY-tungusofi-haegri-sand/?PathId=daa6be5b-5fc6-4c03-a44a-6267f53d68a8,https://jysk.is/library/Images/products/P013095.jpg?proc=366x366,2026-10-08 06:47 UTC
7.0,AIMEE Tungusófi hægri off white með miðjueiningu,199760,1,199760,,ILVA,modern minimal,woven fabric,"The color and fabric appear to match the desired off-white, soft appearance; the shape is low and deep, but the arms are more structured and the lines are more geometric than relaxed.",https://www.ilva.is/stok-vara/?ProductName=AIMEE-Tungusofi-haegri-off-white-med-midjueiningu&PathId=1fc7d092-ce9e-11ef-81b7-8f3b82297126,https://www.ilva.is/library/Images/Products/V011412.jpg?proc=366x366,2026-10-07 17:46 UTC
7.0,Friday tungusófi (A) Mito beige Sb,199992,1,199992,,Húsgagnahöllin,"contemporary, clean lines",woven fabric,"The sofa is a light greige color with a woven fabric, has rounded arms and clean lines, but its back cushions are more structured and the legs are metallic, slightly differing from the target style.",https://husgagnahollin.is/vara/friday-tungusofi-a-mito-beige-sb/,https://husgagnahollin.is/wp-content/uploads/2025/10/Friday-tungusofi-A-Mito-beige-vinstri-1.webp,2026-10-07 17:46 UTC
7.0,SKEJBY tungusófi stór hægri tunga opin endi sand P011787 / S363,209990,1,209990,,JYSK,"minimalist, modular",woven fabric,"The candidate sofa has a light cream color with a soft woven texture, fits the L-shaped corner style, and has clean, simple lines. However, it lacks the plush, loose back cushions and has blocky proportions, making it less relaxed.",https://jysk.is/stok-vara/SKEJBY-tungusofi-stor-haegri-tunga-opin-endi-sand/?PathId=308afa23-8d9e-4bb2-8dfa-fb8a3ade083c,https://jysk.is/library/Images/products/P011787.jpg?proc=366x366,2026-10-08 06:47 UTC
7.0,Columbia sófi m/vinstri hvíld Caso 03 beige,209994,1,209994,,Húsgagnahöllin,modern L-shaped,woven fabric,"The sofa's color and fabric closely match the desired aesthetic, though the minimalist design and visible seams give it a more structured look than the relaxed style preferred.",https://husgagnahollin.is/vara/columbia-hvildarsofi-vinstri-caso-03-beige/,https://husgagnahollin.is/wp-content/uploads/2024/11/Columbia-hvildarsofi-vinstri-Caso-03-beige-H000024541.png,2026-10-07 17:46 UTC
7.0,HEAVEN Sófi 3ja sæta off white,221940,1,221940,,ILVA,simple modern,woven fabric,"The color and fabric match the relaxed, light aesthetic, but the design lacks the L-shape or chaise.",https://www.ilva.is/stok-vara/?ProductName=HEAVEN-Sofi-3ja-saeta-off-white&PathId=4281ffde-4606-4172-b524-c44ff6c618af,https://www.ilva.is/library/Images/Products/V011514.jpg?proc=366x366,2026-10-07 17:46 UTC
7.0,SKIBBY hornsófi m/opnum enda sand P013098 / S001,239990,1,239990,,JYSK,"modern, minimalist",woven fabric,"The candidate sofa has a light color, woven fabric, and a clean design with simple lines that match the general aesthetic but lacks the visible softness and plushness of the reference sofas.",https://jysk.is/stok-vara/SKIBBY-hornsofi-m-opnum-enda-sand/?PathId=daa6be5b-5fc6-4c03-a44a-6267f53d68a8,https://jysk.is/library/Images/products/P013098.jpg?proc=366x366,2026-10-08 06:47 UTC
7.0,HEAVEN Sófi 3ja sæta XL off white,245940,1,245940,,ILVA,"simple, clean, relaxed",soft woven fabric,"The sofa features an off-white woven fabric, relaxed and deep design with plush back cushions, and clean lines, though lacks an L-shape or chaise.",https://www.ilva.is/stok-vara/?ProductName=HEAVEN-Sofi-3ja-saeta-XL-off-white&PathId=4281ffde-4606-4172-b524-c44ff6c618af,https://www.ilva.is/library/Images/Products/V011179.jpg?proc=366x366,2026-10-07 17:46 UTC
7.0,Sófaeining CATENA OPEN R L301 ákl.Cotton,246000,1,246000,,Epal,modern minimal,linen-look fabric,"The sofa has a light color, soft fabric, and clean lines but lacks the deep, plush cushions and is not an L-shape.",https://www.epal.is/products/sofaeining-catena-open-r-l301-akl-cotton,https://cdn.shopify.com/s/files/1/0817/4167/6800/files/d95c3ad9-3ea8-44a2-82a7-ac1a7b442f52.jpg?v=1771264357,2026-10-07 17:46 UTC
7.0,"Nelson sófi 3,5s Hevre ljós beige Bb",247992,1,247992,,Húsgagnahöllin,"modern, simple",soft woven fabric,"The sofa has a light beige color and a soft woven texture that fits the aesthetic, but lacks plush loose back cushions and an L-shape.",https://husgagnahollin.is/vara/nelson-sofi-35s-hevre-ljos-beige-bb/,https://husgagnahollin.is/wp-content/uploads/2025/05/Nelson-sofi-35s-Hevre-ljos-beige-Bb-104863098002.webp,2026-10-07 17:46 UTC
7.0,Friday hornsófi vinstri Mito beige Sb,255992,1,255992,,Húsgagnahöllin,modern and simple,soft woven fabric,"The sofa has a light beige color and soft fabric with simple lines, matching the desired relaxed and deep style, but the visible metal legs differ from the hidden wooden legs preferred.",https://husgagnahollin.is/vara/friday-hornsofi-vinstri-mito-beige-sb/,https://husgagnahollin.is/wp-content/uploads/2025/10/Friday-hornsofi-vinstri-Mito-beige-10.jpg,2026-10-07 17:46 UTC
7.0,CLEVELAND Horntungusófi vinstri tunga sandlitaður,259900,1,259900,,ILVA,modern corner sofa,woven fabric,"The candidate has a neutral, warm greige color and a woven fabric consistent with the reference. It features clean lines, a low profile, plush back cushions, and a corner layout, although the legs are visible and taller than preferred.",https://www.ilva.is/stok-vara/?ProductName=CLEVELAND-Horntungusofi-vinstri-tunga-sandlitadur-2&PathId=1fc7d092-ce9e-11ef-81b7-8f3b82297126,https://www.ilva.is/library/Images/Products/V014288.jpg?proc=366x366,2026-10-07 17:46 UTC
7.0,Sófaeining CATENA L L400 ákl.Cotton,267000,1,267000,,Epal,modern minimalist,woven fabric,"The candidate sofa has a light warm tone and soft woven fabric with clean lines and low, deep proportions, fitting the relaxed aesthetic.",https://www.epal.is/products/sofaeining-catena-l-l400-akl-cotton,https://cdn.shopify.com/s/files/1/0817/4167/6800/files/b6cd52b6-0926-4e57-a51f-dc7722174587.jpg?v=1771264360,2026-10-07 17:46 UTC
7.0,SKEJBY hornsófi sand P009244 / S364,269990,1,269990,,JYSK,"modern, minimal",woven fabric,"The candidate sofa's light color and woven fabric match the target aesthetic, with a modern and clean design, but lacks plush loose back cushions and features a more structured look.",https://jysk.is/stok-vara/SKEJBY-hornsofi-sand/?PathId=daa6be5b-5fc6-4c03-a44a-6267f53d68a8,https://jysk.is/library/Images/products/P009244.jpg?proc=366x366,2026-10-08 06:47 UTC
7.0,SKEJBY hornsófi sand P009244 / S364,269990,1,269990,,JYSK,"modern, minimalist","fabric, likely woven","The sofa is a light color and has clean lines with a low profile, but the design is slightly more structured and lacks loose back cushions.",https://jysk.is/stok-vara/SKEJBY-hornsofi-sand/?PathId=308afa23-8d9e-4bb2-8dfa-fb8a3ade083c,https://jysk.is/library/Images/products/P009244.jpg?proc=366x366,2026-10-08 06:47 UTC
7.0,PARKER Tungusófi vinstri hvítur,289900,1,289900,,ILVA,modern minimalist,linen-look fabric,"The candidate sofa is a light cream color, has a simple and modern design with clean lines and soft rounded arms, fitting well within the relaxed aesthetic, but the visible legs and lack of plush cushions slightly differ from the reference images.",https://www.ilva.is/stok-vara/?ProductName=PARKER-Tungusofi-vinstri-hvitur&PathId=1fc7d092-ce9e-11ef-81b7-8f3b82297126,https://www.ilva.is/library/Images/Products/V008142.jpg?proc=366x366,2026-10-07 17:46 UTC
7.0,VINSÆL LIDO tungusófi hægri stone P007672 / 1301,299990,1,299990,,JYSK,modern classic,linen-look fabric,"The sofa is an L-shaped corner with a soft woven fabric and clean lines, fitting the general style but the visible legs and slightly darker, grayish tone reduce the match score.",https://jysk.is/stok-vara/LIDO-tungusofi-haegri-stone/?PathId=daa6be5b-5fc6-4c03-a44a-6267f53d68a8,https://jysk.is/library/Images/products/P007672.jpg?proc=366x366,2026-10-08 06:47 UTC
7.0,LIDO tungusófi vinstri beige P006677 / 1301,299990,1,299990,,JYSK,modern minimalist,woven fabric,"The sofa has the right shape and fabric, but the visible metal legs detract slightly from the overall match.",https://jysk.is/stok-vara/LIDO-tungusofi-vinstri-beige/?PathId=daa6be5b-5fc6-4c03-a44a-6267f53d68a8,https://jysk.is/library/Images/products/P006677XX.jpg?proc=366x366,2026-10-08 06:47 UTC
7.0,LIDO tungusófi hægri beige P006674 / 1301,299990,1,299990,,JYSK,modern minimalist,woven fabric,"The sofa has a warm beige color and a woven fabric, matching the relaxed aesthetic; the legs are not wooden and are visible, and the back cushions are not as plush.",https://jysk.is/stok-vara/LIDO-tungusofi-haegri-beige/?PathId=daa6be5b-5fc6-4c03-a44a-6267f53d68a8,https://jysk.is/library/Images/products/P006674.jpg?proc=366x366,2026-10-08 06:47 UTC
7.0,Friday u-sófi m/tungu vinstri Mito beige Sb,311992,1,311992,,Húsgagnahöllin,modern and simple,woven fabric,"The sofa has a light greige color and simple lines that match the desired aesthetic, but the visible metal legs and firm-looking back cushions slightly detract from the relaxed look.",https://husgagnahollin.is/vara/friday-u-sofi-m-tungu-vinstri-mito-beige-sb/,https://husgagnahollin.is/wp-content/uploads/2025/10/Friday-u-sofi-m_tungu-vinstri-Mito-beige.webp,2026-10-07 17:46 UTC
7.0,Friday u-sófi m/tungu vinstri Mito Desert Sb,311992,1,311992,,Húsgagnahöllin,modern minimalist,woven fabric,"The sofa has a light neutral color and woven fabric, matching relaxed L-shaped style. However, the base is fully visible and not wooden, slightly detracting from the ideal match.",https://husgagnahollin.is/vara/friday-u-sofi-m-tungu-vinstri-mito-desert-sb/,https://husgagnahollin.is/wp-content/uploads/2024/06/Friday-u-sofi-mtungu-vinstri-Mito-Desert-Sb-123115429706.webp,2026-10-07 17:46 UTC
7.0,Paso Doble Night tungusófi vinstri Mito beige,314993,1,314993,,Húsgagnahöllin,"modern, L-shaped",linen-look fabric,"The candidate sofa has a light warm greige color with soft fabric, loose back cushions, and a relaxed L-shape; however, the visible chrome legs are a mismatch.",https://husgagnahollin.is/vara/paso-doble-night-tungusofi-vinstri-mito-beige/,https://husgagnahollin.is/wp-content/uploads/2024/10/Paso-Doble-Night-tungusofi-vinstri-Mito-beige-262525001099151562.webp,2026-10-07 17:46 UTC
7.0,VARDO tungusófi hægri brúnn P013103 / DP,349990,1,349990,,JYSK,"modern, simple",woven fabric,"The sofa has a soft woven fabric in a warm neutral tone, with a low and generous profile, matching the relaxed aesthetic desired.",https://jysk.is/stok-vara/VARDO-tungusofi-haegri-brunn/?PathId=daa6be5b-5fc6-4c03-a44a-6267f53d68a8,https://jysk.is/library/Images/products/P013103.jpg?proc=366x366,2026-10-08 06:47 UTC
7.0,VARDO tungusófi vinstri brúnn P013102 / DP,349990,1,349990,,JYSK,"modern, minimalist",wool-look fabric,"The design is modern with clean lines and soft rounded arms, aligning well with the target aesthetic, though the color is slightly darker than the reference.",https://jysk.is/stok-vara/VARDO-tungusofi-vinstri-brunn/?PathId=daa6be5b-5fc6-4c03-a44a-6267f53d68a8,https://jysk.is/library/Images/products/P013102.jpg?proc=366x366,2026-10-08 06:47 UTC
7.0,VARDO tungusófi hægri beige P013101 / DP,349990,1,349990,,JYSK,modern relaxed,soft woven fabric,"The sofa matches the color and basic shape requirements, though it has a more structured design and the back cushions are not loose.",https://jysk.is/stok-vara/VARDO-tungusofi-haegri-beige/?PathId=daa6be5b-5fc6-4c03-a44a-6267f53d68a8,https://jysk.is/library/Images/products/P013101.jpg?proc=366x366,2026-10-08 06:47 UTC
7.0,SIENA Tungusófi vinstri sandlitaður,351920,1,351920,,ILVA,"modern, minimalist",woven fabric,"The candidate sofa has the right light neutral color and woven texture, with a simple L-shaped design and soft rounded arms, but its proportions are more minimal and the legs are visible, contrasting with the hidden-leg look of the references.",https://www.ilva.is/stok-vara/?ProductName=SIENA-Tungusofi-vinstri-sandlitadur-2&PathId=1fc7d092-ce9e-11ef-81b7-8f3b82297126,https://www.ilva.is/library/Images/Products/V013135.jpg?proc=366x366,2026-10-07 17:46 UTC
7.0,MAGGIE tungusófi - hægri tunga,388000,1,388000,,Snúran,"minimalist, modern","woven fabric, light grey","The sofa has simple lines and a light color, though it's slightly greyer than preferred. It lacks the cozy, relaxed look of the reference images due to its firmer cushions and visible dark legs.",https://snuran.is/products/furnhouse-maggie-tungusofi-haegri-tunga-tau-grar-serpontun-3-4vikur,https://cdn.shopify.com/s/files/1/0582/7693/7904/files/maggie-l-shape-sofa-right-grey.jpg?v=1742137991,2026-10-07 17:46 UTC
7.0,Maggie 3s sófi More Rabbit,389993,1,389993,,Húsgagnahöllin,modern minimalist,woven fabric,"The sofa features light warm greige fabric, plush back cushions, and simple lines, but it is not an L-shaped or chaise style.",https://husgagnahollin.is/vara/maggie-3s-sofi-more-rabbit/,https://husgagnahollin.is/wp-content/uploads/2026/05/463130310131126808-Maggie.webp,2026-10-07 17:46 UTC
7.0,Nelson hornsófi hægri Hevre beige Bb,391992,1,391992,,Húsgagnahöllin,modern minimalist,woven fabric,"Matches the target with similar color and fabric, clean lines, but has visible legs and firmer cushions.",https://husgagnahollin.is/vara/nelson-hornsofi-haegri-hevre-beige-bb/,https://husgagnahollin.is/wp-content/uploads/2025/11/104835098002-Nelson-hornsofi-haegri-Hevre-beige-Bb.jpg,2026-10-07 17:46 UTC
6.0,Sofa 200x225cm,30000,1,30000,,Bland (notað),modern L-shaped,"woven fabric, wood legs","The sofa is L-shaped and has simple lines, but the color is darker than the reference and the cushions are more structured, which reduces the match.",https://bland.is/til-solu/heimilid/stofa/sofa-200x225cm/5291188/,https://img.bland.is/album/img/427317/m/20260929213524_0.jpg,2026-10-07 17:46 UTC
6.0,VINSÆL LYBY sófaeining horn/endi sandlituð P009379 / 3630141,47990,1,47990,,JYSK,"modern, minimal",soft woven fabric,"The sofa has a soft woven fabric and neutral color but lacks the full L-shape. It has clean lines and rounded arms, but the proportions differ slightly from the reference images.",https://jysk.is/stok-vara/LYBY-sofaeining-horn-endi-sandlitud/?PathId=daa6be5b-5fc6-4c03-a44a-6267f53d68a8,https://jysk.is/library/Images/products/P009379.JPG?proc=366x366,2026-10-08 06:47 UTC
6.0,VINSÆL SKEJBY sófaeining horn/endi sandlituð P009194 / 3650091,47990,1,47990,,JYSK,minimalist modular,soft woven fabric,"The sofa has a light color and soft fabric, but its boxy shape and visible joint lines deviate from the relaxed, plush look desired.",https://jysk.is/stok-vara/SKEJBY-sofaeining-horn-endi-sandlitud/?PathId=daa6be5b-5fc6-4c03-a44a-6267f53d68a8,https://jysk.is/library/Images/products/P009194.jpg?proc=366x366,2026-10-08 06:47 UTC
6.0,VINSÆL LYBY sófaeining horn/endi sandlituð P009379 / 3630141,47990,1,47990,,JYSK,"modern, simple",woven fabric,"The sofa has a woven fabric and simple design with loose cushions, but appears smaller and more structured than the deeply relaxed style sought.",https://jysk.is/stok-vara/LYBY-sofaeining-horn-endi-sandlitud/?PathId=308afa23-8d9e-4bb2-8dfa-fb8a3ade083c,https://jysk.is/library/Images/products/P009379.JPG?proc=366x366,2026-10-08 06:47 UTC
6.0,Sofi,55000,1,55000,,Bland (notað),simple and modern,woven fabric,"The sofa has a simple design with a woven fabric that fits the criteria, though the color is more on the gray side than the creamy tones preferred.",https://bland.is/til-solu/heimilid/stofa/sofi/5290688/,https://img.bland.is/album/img/256114/m/20260928070440_0.jpg,2026-10-07 17:46 UTC
6.0,SKEJBY sófaeining vinstri tungu endi án/bak sand P011032 / 3680082,55990,1,55990,,JYSK,modern minimal,woven fabric,The sofa has a light greige color and woven texture but lacks plush cushions and visible wooden legs.,https://jysk.is/stok-vara/SKEJBY-sofaeining-vinstri-tungu-endi-an-bak-sand/?PathId=daa6be5b-5fc6-4c03-a44a-6267f53d68a8,https://jysk.is/library/Images/products/P011032.jpg?proc=366x366,2026-10-08 06:47 UTC
6.0,SKEJBY sófaeining vinstri tungu endi án/bak sand P011032 / 3680082,55990,1,55990,,JYSK,modern minimalist,woven fabric,"The sofa is L-shaped, in a light neutral color and fabric, but lacks the plush loose back cushions and wood elements of the references.",https://jysk.is/stok-vara/SKEJBY-sofaeining-vinstri-tungu-endi-an-bak-sand/?PathId=308afa23-8d9e-4bb2-8dfa-fb8a3ade083c,https://jysk.is/library/Images/products/P011032.jpg?proc=366x366,2026-10-08 06:47 UTC
6.0,Nýlegur svefnsófi úr Jysk til sölu,65000,1,65000,,Bland (notað),modern simple,woven fabric,"The sofa is an L-shaped corner with clean lines and simple design, but is a bit darker in color and lacks the plushness of the reference images.",https://bland.is/til-solu/heimilid/stofa/nylegur-svefnsofi-ur-jysk-til-solu/5292624/,https://img.bland.is/album/img/371722/m/20261004192858_0.jpg,2026-10-07 17:46 UTC
6.0,AIMEE 2ja sæta eining hægri off white,79920,1,79920,,ILVA,modern minimalist,woven fabric,The candidate sofa has a modern minimalist design and uses a light fabric similar to the references but lacks the depth and plushness of loose back cushions.,https://www.ilva.is/stok-vara/?ProductName=AIMEE-2ja-saeta-eining-haegri-off-white&PathId=4281ffde-4606-4172-b524-c44ff6c618af,https://www.ilva.is/library/Images/Products/V012722.jpg?proc=366x366,2026-10-07 17:46 UTC
6.0,AIMEE 2ja sæta eining vinstri off white,79920,1,79920,,ILVA,modern minimal,woven fabric,"The color and material are suitable but the design lacks the plush, loose cushion style and the legs are not visible.",https://www.ilva.is/stok-vara/?ProductName=AIMEE-2ja-saeta-eining-vinstri-off-white&PathId=4281ffde-4606-4172-b524-c44ff6c618af,https://www.ilva.is/library/Images/Products/V012720.jpg?proc=366x366,2026-10-07 17:46 UTC
6.0,SKIBBY 2ja sæta sand P013094 / S001243,79990,1,79990,,JYSK,modern minimalist,woven fabric,It has the right color and fabric but lacks the loose cushions and softness of the references.,https://jysk.is/stok-vara/SKIBBY-2ja-saeta-sand/?PathId=f6d7172e-17b7-451c-bff9-8ef08a1d4c2a,https://jysk.is/library/Images/products/P013094.jpg?proc=366x366,2026-10-08 06:47 UTC
6.0,SKIBBY 2ja sæta sand P013094 / S001243,79990,1,79990,,JYSK,modern boxy minimal,woven fabric,"The sofa has an appropriate light neutral color and soft fabric but lacks the relaxed, plush look and rounded edges of the reference.",https://jysk.is/stok-vara/SKIBBY-2ja-saeta-sand/?PathId=308afa23-8d9e-4bb2-8dfa-fb8a3ade083c,https://jysk.is/library/Images/products/P013094.jpg?proc=366x366,2026-10-08 06:47 UTC
6.0,ANDRUP tungusófi hægri beige P013070 / 3620214,99990,1,99990,,JYSK,rounded modern,soft woven fabric,"The sofa is light in color, rounded, and in a soft fabric, but it lacks the loose cushions and linear simplicity of the target style.",https://jysk.is/stok-vara/ANDRUP-tungusofi-haegri-beige/?PathId=daa6be5b-5fc6-4c03-a44a-6267f53d68a8,https://jysk.is/library/Images/products/P013070.jpg?proc=366x366,2026-10-08 06:47 UTC
6.0,AIMEE 2ja sæta sófi off white,111840,1,111840,,ILVA,"modern, boxy",woven fabric,"The color and fabric match well, but the overall shape is more boxy and lacks the relaxed, loose cushion look.",https://www.ilva.is/stok-vara/?ProductName=AIMEE-2ja-saeta-sofi-off-white&PathId=4281ffde-4606-4172-b524-c44ff6c618af,https://www.ilva.is/library/Images/Products/V013984.jpg?proc=366x366,2026-10-07 17:46 UTC
6.0,Larvik sófi úr Ilvu,140000,1,140000,,Bland (notað),"modern, minimal",woven fabric,"The sofa has a simple, clean design and suitable fabric, but the color is darker than desired and the arms and cushions are less plush.",https://bland.is/til-solu/heimilid/stofa/larvik-sofi-ur-ilvu/5291680/,https://img.bland.is/album/img/338504/m/20261001210746_0.jpg,2026-10-07 17:46 UTC
6.0,SKIBBY sófi 3ja sæta sand P013096 / S001,149990,1,149990,,JYSK,modern boxy,woven fabric,"The candidate sofa is in a light neutral color and woven fabric but has a boxy shape and lacks the relaxed, plush look of the references.",https://jysk.is/stok-vara/SKIBBY-sofi-3ja-saeta-sand/?PathId=f6d7172e-17b7-451c-bff9-8ef08a1d4c2a,https://jysk.is/library/Images/products/P013096.jpg?proc=366x366,2026-10-08 06:47 UTC
6.0,Sófi,150000,1,150000,,Bland (notað),"simple, clean lines",woven fabric,"The candidate sofa has a simple design and woven fabric, but lacks the L-shape and relaxed, plush cushions preferred in the references.",https://bland.is/til-solu/heimilid/stofa/sofi/5291866/,https://img.bland.is/album/img/358770/m/20261002142916_0.jpg,2026-10-07 17:46 UTC
6.0,Vilde sófi 2s Hevre ljós beige Bb,151992,1,151992,,Húsgagnahöllin,minimalist rounded,woven fabric,"The colour and fabric texture are suitable, but the shape lacks the deep, relaxed design and loose cushions of the references.",https://husgagnahollin.is/vara/vilde-sofi-2s-hevre-ljos-beige-bb/,https://husgagnahollin.is/wp-content/uploads/2024/07/Vilde-sofi-2ja-saeta-Hevre-ljos-beige-Bb-107312098002.webp,2026-10-07 17:46 UTC
6.0,CLEVELAND Tungusófi vinstri sandlitaður,159900,1,159900,,ILVA,modern simple chaise,woven fabric,"The sofa is L-shaped with a woven fabric that is similar to the target look, but the color is darker, and the legs are more visible and lighter wood than preferred.",https://www.ilva.is/stok-vara/?ProductName=CLEVELAND-Tungusofi-vinstri-sandlitadur-2&PathId=1fc7d092-ce9e-11ef-81b7-8f3b82297126,https://www.ilva.is/library/Images/Products/V014281.jpg?proc=366x366,2026-10-07 17:46 UTC
6.0,VINSÆL SKEJBY sófi 3ja sæta sand P009242 / S364,159990,1,159990,,JYSK,minimalist modern,woven fabric,"The sofa matches in color and fabric but lacks the loose cushions, relaxed look, and preferred shape.",https://jysk.is/stok-vara/SKEJBY-sofi-3ja-saeta-sand/?PathId=f6d7172e-17b7-451c-bff9-8ef08a1d4c2a,https://jysk.is/library/Images/products/P009242.jpg?proc=366x366,2026-10-08 06:47 UTC
6.0,Rocco sófi 3s ákl 038-09 beige,159992,1,159992,,Húsgagnahöllin,modern blocky,woven fabric,"The sofa is light in color with a woven texture, but its blocky shape and visible legs are less aligned with the relaxed, soft forms of the references.",https://husgagnahollin.is/vara/rocco-sofi-3s-akl-038-09-beige/,https://husgagnahollin.is/wp-content/uploads/2026/08/Rocco-sofi-3s-akl-038-09-beige-70083SCKS03809-1.webp,2026-10-07 17:46 UTC
6.0,Borg sófi 3s ákl 638-4 beige,160993,1,160993,,Húsgagnahöllin,modern tufted,woven fabric,"The candidate is light in color and made of woven fabric, but it features tufting and lacks the loose back cushions and L-shape preferred.",https://husgagnahollin.is/vara/borg-sofi-3s-akl-638-4-beige/,https://husgagnahollin.is/wp-content/uploads/2026/08/Borg-sofi-3s-akl-638-4-beige-MK62553SJYM6384-1-1.webp,2026-10-07 17:46 UTC
6.0,Eugene sófi 3s Hip 10 beige,175992,1,175992,,Húsgagnahöllin,contemporary minimal,woven fabric,The sofa has a light color and soft fabric but contrasting metal legs and straight lines give it a more structured style.,https://husgagnahollin.is/vara/eugene-sofi-3s-hip-10-beige/,https://husgagnahollin.is/wp-content/uploads/2026/03/690332AHIP10-∙-Eugene-sofi-3s-Hip-10-beige-1.webp,2026-10-07 17:46 UTC
6.0,"PARKER 2,5 sæta sófi hvítur",189900,1,189900,,ILVA,"modern, clean lines","fabric, metal legs","The sofa has a simple, modern design with soft rounded arms and a light color, but its metal legs and straight back give it a less relaxed look.",https://www.ilva.is/stok-vara/?ProductName=PARKER-2-5-saeta-sofi-hvitur&PathId=4281ffde-4606-4172-b524-c44ff6c618af,https://www.ilva.is/library/Images/Products/V008140.jpg?proc=366x366,2026-10-07 17:46 UTC
6.0,Nes sófi 3s Forza 5504 beige,191992,1,191992,,Húsgagnahöllin,modern simple,woven fabric,"The sofa has a woven fabric in a light tone and simple design but lacks the L-shape or chaise and has visible legs, which differ from the reference aesthetics.",https://husgagnahollin.is/vara/nes-sofi-3s-forza-5504-beige/,https://husgagnahollin.is/wp-content/uploads/2022/05/Nes-scapa-sofi-sofar-3s-Forza-5504-beige-SOF306943.jpg,2026-10-07 17:46 UTC
6.0,CLEVELAND Hornsófi vinstri sandlitaður,199900,1,199900,,ILVA,"modern, simple",textured fabric,"The candidate sofa has a clean design and is an L-shaped corner, but its textured fabric and darker color deviate from the light, soft look sought.",https://www.ilva.is/stok-vara/?ProductName=CLEVELAND-Hornsofi-vinstri-sandlitadur-2&PathId=1fc7d092-ce9e-11ef-81b7-8f3b82297126,https://www.ilva.is/library/Images/Products/V014285.jpg?proc=366x366,2026-10-07 17:46 UTC
6.0,CLEVELAND Hornsófi hægri sandlitaður,199900,1,199900,,ILVA,modern simple,woven fabric,"The sofa has a simple, modern design with clean lines and a woven fabric, but the color is more brown than the light cream or greige desired.",https://www.ilva.is/stok-vara/?ProductName=CLEVELAND-Hornsofi-haegri-sandlitadur-2&PathId=1fc7d092-ce9e-11ef-81b7-8f3b82297126,https://www.ilva.is/library/Images/Products/V014286.jpg?proc=366x366,2026-10-07 17:46 UTC
6.0,PARKER 3ja sæta sófi hvítur,199900,1,199900,,ILVA,modern simple,woven fabric,"The sofa is a light color with simple lines and soft rounded arms, but it lacks the loose back cushions and has visible legs that contrast with the desired style.",https://www.ilva.is/stok-vara/?ProductName=PARKER-3ja-saeta-sofi-hvitur&PathId=4281ffde-4606-4172-b524-c44ff6c618af,https://www.ilva.is/library/Images/Products/V008139.jpg?proc=366x366,2026-10-07 17:46 UTC
6.0,Cubo svefnsófi Queens Taupe,199920,1,199920,,Húsgagnahöllin,simple modern sofa,fabric (likely linen-look),"The sofa has a clean, simple design with light fabric, but lacks plush loose back cushions and the relaxed, deep seating of the references.",https://husgagnahollin.is/vara/cubo-svefnsofi-queens-taupe/,https://husgagnahollin.is/wp-content/uploads/2024/09/Cubo-svefnsofi-Queens-Taupe-2727233.webp,2026-10-07 17:46 UTC
6.0,Friday tungusófi (A) Mito Desert Sb,199992,1,199992,,Húsgagnahöllin,modern minimal,woven fabric,"The sofa is L-shaped and has simple, clean lines with a woven fabric, but its color and squared-off, structured arms do not fully fit the relaxed, plush look of the references.",https://husgagnahollin.is/vara/friday-tungusofi-a-mito-desert/,https://husgagnahollin.is/wp-content/uploads/2024/07/Friday-tungusofi-A-Mito-Desert-123111429706.webp,2026-10-07 17:46 UTC
6.0,Columbia sófi m/hægri hvíld Caso 03 beige,209994,1,209994,,Húsgagnahöllin,modern minimalist,woven fabric,"The color and fabric match the criteria, but the structured back and low tufting differ from the relaxed, plush style of the references.",https://husgagnahollin.is/vara/columbia-hvildarsofi-haegri-caso-03-beige/,https://husgagnahollin.is/wp-content/uploads/2024/11/Columbia-hvildarsofi-haegri-Caso-03-beige-H000024545.png,2026-10-07 17:46 UTC
6.0,SELENA sófi - 3ja sæta,229000,1,229000,,Snúran,modern simple lines,woven fabric,"The sofa has a light color and simple design but lacks plush loose back cushions and low base, and has visible metal legs.",https://snuran.is/products/furnhouse-maggie-tungusofi-haegri-tunga-tau-grar-serpontun-3-4vikur-1,https://cdn.shopify.com/s/files/1/0582/7693/7904/files/selena-3-seater-sofa-beige.jpg?v=1742138638,2026-10-07 17:46 UTC
6.0,Pixel Modular sófi,239900,1,239900,,Módern,modern modular,woven fabric,"The candidate sofa has a modular design and woven fabric that fits the broad category, but the tufted cushions and darker tone deviate from the target aesthetic.",https://modern.is/shop/husgogn/sofar-og-legubekkir/beinir-sofar/pixel-sofi/,https://modern.is/wp-content/uploads/2023/05/5febccea2eeb4269cd913176728f0318-300x300.jpg,2026-10-07 17:59 UTC
6.0,AUNING U sófi hægri grár P010384 / SK0,239990,1,239990,,JYSK,modern angular,woven fabric,"The sofa has a woven texture and is L-shaped, but the color is a cool gray rather than warm cream or greige, and the design is more angular than relaxed.",https://jysk.is/stok-vara/AUNING-U-sofi-haegri-grar/?PathId=f6d7172e-17b7-451c-bff9-8ef08a1d4c2a,https://jysk.is/library/Images/products/P010384.jpg?proc=366x366,2026-10-08 06:47 UTC
6.0,AUNING U sófi vinstri grár P010385 / SK0,239990,1,239990,,JYSK,"contemporary, minimalist",woven fabric,"The sofa is a light grey fabric L-shaped design with simple lines, fitting the general style but slightly cooler in tone than desired.",https://jysk.is/stok-vara/AUNING-U-sofi-vinstri-grar/?PathId=ca16cf42-330c-447d-bdfe-b0daa0c37394,https://jysk.is/library/Images/products/P010385.jpg?proc=366x366,2026-10-08 06:47 UTC
6.0,SKIBBY hornsófi m/opnum enda sand P013098 / S001,239990,1,239990,,JYSK,"modular, L-shaped","woven fabric, light greige",Matches the color and fabric requirement but has a boxy and structured design that differs from the relaxed and rounded aesthetic of the references.,https://jysk.is/stok-vara/SKIBBY-hornsofi-m-opnum-enda-sand/?PathId=308afa23-8d9e-4bb2-8dfa-fb8a3ade083c,https://jysk.is/library/Images/products/P013098.jpg?proc=366x366,2026-10-08 06:47 UTC
6.0,Willow sófi 4ja sæta Hevre ljós beige Bm,239992,1,239992,,Húsgagnahöllin,modern and simple,woven fabric,"The sofa has the right color and fabric but lacks the L-shape or chaise preference, and the legs are not hidden or wooden.",https://husgagnahollin.is/vara/willow-sofi-4ja-saeta-hevre-ljos-beige-bm/,https://husgagnahollin.is/wp-content/uploads/2024/07/Willow-sofi-4ja-saeta-Hevre-ljos-beige-Bm-103234098006-copy-1.webp,2026-10-07 17:46 UTC
6.0,SKIBBY hornsófi sand P013097 / S001,249990,1,249990,,JYSK,"modern, boxy",woven fabric,"The candidate sofa matches in material and color but has a more structured, boxy design and lacks the relaxed plushness and rounded arms of the reference images.",https://jysk.is/stok-vara/SKIBBY-hornsofi-sand/?PathId=daa6be5b-5fc6-4c03-a44a-6267f53d68a8,https://jysk.is/library/Images/products/P013097.jpg?proc=366x366,2026-10-08 06:47 UTC
6.0,SKIBBY hornsófi sand P013097 / S001,249990,1,249990,,JYSK,modern modular,woven fabric,The sofa has clean lines and a modular design but lacks plush loose cushions and soft rounded arms.,https://jysk.is/stok-vara/SKIBBY-hornsofi-sand/?PathId=308afa23-8d9e-4bb2-8dfa-fb8a3ade083c,https://jysk.is/library/Images/products/P013097.jpg?proc=366x366,2026-10-08 06:47 UTC
6.0,Altari hornsófi vinstri Alloy,254993,1,254993,,Húsgagnahöllin,modern sectional,woven fabric,"The sofa is similar in shape and function, but the color is slightly darker and the arms are less rounded.",https://husgagnahollin.is/vara/altari-hornsofi-vinstri-alloy/,https://husgagnahollin.is/wp-content/uploads/2024/04/Altari-hornsofi-vinstri-Alloy-87214168721467.webp,2026-10-07 17:46 UTC
6.0,Friday hornsófi hægri Mito desert,255992,1,255992,,Húsgagnahöllin,modern minimalist,linen-look fabric,"The candidate sofa is L-shaped with simple lines, but its sharper edges and visible legs differ from the relaxed aesthetic desired.",https://husgagnahollin.is/vara/friday-hornsofi-haegri-mito-desert/,https://husgagnahollin.is/wp-content/uploads/2024/07/Friday-hornsofi-haegri-Mito-desert-123113429706.jpg,2026-10-07 17:46 UTC
6.0,Nes tungusófi hægri Forza 5515 natur,255992,1,255992,,Húsgagnahöllin,modern simple,woven fabric,"The sofa has a simple, modern design with soft edges and a woven fabric, but the color is cooler and the legs are more prominent than in the references.",https://husgagnahollin.is/vara/nes-tungusofi-haegri-forza-5515-natur/,https://husgagnahollin.is/wp-content/uploads/2022/05/Nes-scapa-tungusofi-tungusofar-haegri-Forza-5515-KSO014597.jpg,2026-10-07 17:46 UTC
6.0,Kos sófi 3s Jump beige Bm,255992,1,255992,,Húsgagnahöllin,"modern, minimal",woven fabric,"The sofa has a light, neutral color and a simple, modern design, but has visible metal legs and lacks the corner or chaise shape preferred.",https://husgagnahollin.is/vara/kos-sofi-3s-jump-beige-bm/,https://husgagnahollin.is/wp-content/uploads/2019/09/Kos-sofi-3s-Jump-beige-Bm-scaled.jpg,2026-10-07 17:46 UTC
6.0,CLEVELAND Horntungusófi hægri tunga sandlitaður,259900,1,259900,,ILVA,modern L-shaped,woven fabric,"The candidate sofa is an L-shaped corner design with simple lines and short wooden legs, matching the target look, but its color appears darker and material slightly rougher than desired.",https://www.ilva.is/stok-vara/?ProductName=CLEVELAND-Horntungusofi-haegri-tunga-sandlitadur-2&PathId=1fc7d092-ce9e-11ef-81b7-8f3b82297126,https://www.ilva.is/library/Images/Products/V014289.jpg?proc=366x366,2026-10-07 17:46 UTC
6.0,Nes tungusófi vinstri Forza 5504 beige,271992,1,271992,,Húsgagnahöllin,modern minimalist,woven fabric,"The candidate sofa has a light greige color and a soft woven fabric, with a relaxed and deep shape, but the visible metal-like legs and slightly sharper lines make it only partially match the target aesthetic.",https://husgagnahollin.is/vara/nes-tungusofi-vinstri-forza-5504-beige/,https://husgagnahollin.is/wp-content/uploads/2022/05/Nes-scapa-tungusofi-tungusofar-sofi-sofar-vinstri-Forsa-5504-beige-KSO014603.jpg,2026-10-07 17:46 UTC
6.0,Nes tungusófi hægri Forza 5504 beige,271992,1,271992,,Húsgagnahöllin,modern L-shaped,woven fabric,"The sofa has a light fabric, clean lines, and an L-shaped design, but the legs are visible and dark, contrasting with the desired hidden wooden legs.",https://husgagnahollin.is/vara/nes-tungusofi-haegri-forsa-5504/,https://husgagnahollin.is/wp-content/uploads/2022/05/Nes-scapa-tungusofi-tungusofar-sofi-sofar-haegri-Forsa-5504-beige.jpg,2026-10-07 17:46 UTC
6.0,KINGSTON Sófi 3ja sæta sandlitaður,279920,1,279920,,ILVA,"simple, plush",woven fabric,"The sofa is a light color with plush back cushions and a simple design, but it lacks the L-shape and has visible wooden legs, which slightly differ from the target aesthetic.",https://www.ilva.is/stok-vara/?ProductName=KINGSTON-Sofi-3ja-saeta-sandlitadur&PathId=4281ffde-4606-4172-b524-c44ff6c618af,https://www.ilva.is/library/Images/Products/V008964.jpg?proc=366x366,2026-10-07 17:46 UTC
6.0,NYLAND Sófi 3ja sæta natural,287920,1,287920,,ILVA,modern minimalist,linen-look fabric,"The sofa has clean lines and linen-look fabric; however, it lacks plush loose back cushions and is not an L-shaped corner or chaise design.",https://www.ilva.is/stok-vara/?ProductName=NYLAND-Sofi-3ja-saeta-natural&PathId=4281ffde-4606-4172-b524-c44ff6c618af,https://www.ilva.is/library/Images/Products/V010674.jpg?proc=366x366,2026-10-07 17:46 UTC
6.0,KRAMFORS Sófi 3ja sæta sandlitaður,292425,1,292425,,ILVA,modern minimalist,woven fabric,"The sofa has a similar fabric and simple clean lines, but the color is darker and the style is more minimalist with visible wooden legs.",https://www.ilva.is/stok-vara/?ProductName=KRAMFORS-Sofi-3ja-saeta-sandlitadur&PathId=4281ffde-4606-4172-b524-c44ff6c618af,https://www.ilva.is/library/Images/Products/V011614.jpg?proc=366x366,2026-10-07 17:46 UTC
6.0,Nes hornsófi hægri Forza 5504 beige,295992,1,295992,,Húsgagnahöllin,modern corner sofa,woven fabric,"The sofa is a light neutral tone with simple lines and a woven texture, but it has visible legs and less plush cushions than the reference style.",https://husgagnahollin.is/vara/nes-hornsofi-haegri-forza-5504-beige/,https://husgagnahollin.is/wp-content/uploads/2023/10/Nes-hornsofi-haegri-Forza-5504-beige-KSO017486.jpg,2026-10-07 17:46 UTC
6.0,Kos sófi 3xl Jump beige Bm,295992,1,295992,,Húsgagnahöllin,simple and modern,soft woven fabric,"The sofa has a soft woven fabric and a light color, matching the relaxed style, but the visible legs are metal, not wood.",https://husgagnahollin.is/vara/kos-sofi-3xl-jump-beige-bm/,https://husgagnahollin.is/wp-content/uploads/2019/09/Kos-sofi-3xl-Jump-beige-Bm-1.jpg,2026-10-07 17:46 UTC
6.0,LINEA Hornsófi hægri taupe,299900,1,299900,,ILVA,"modern, simple","woven fabric, wood","The candidate sofa has a simple and modern design with woven fabric, long wood legs, and clean lines, but the color is darker and cooler than the reference.",https://www.ilva.is/stok-vara/?ProductName=LINEA-Hornsofi-haegri-taupe&PathId=1fc7d092-ce9e-11ef-81b7-8f3b82297126,https://www.ilva.is/library/Images/Products/V013517.jpg?proc=366x366,2026-10-07 17:46 UTC
6.0,VINSÆL LIDO tungusófi vinstri stone P007673 / 1301,299990,1,299990,,JYSK,modern sectional,woven fabric,"The candidate sofa is a sectional in a neutral tone and woven fabric, with simple lines and plush cushions, but the legs are visible and could be a different style from the references.",https://jysk.is/stok-vara/LIDO-tungusofi-vinstri-stone/?PathId=daa6be5b-5fc6-4c03-a44a-6267f53d68a8,https://jysk.is/library/Images/products/P007673.jpg?proc=366x366,2026-10-08 06:47 UTC
6.0,NEW YORK sófi - 3ja sæta,311200,1,311200,,Snúran,modern minimalist,woven fabric,"The candidate sofa has a soft fabric and rounded arms, but it's darker and lacks the preferred corner or chaise design.",https://snuran.is/products/new-york-sofi-3ja-saeta,https://cdn.shopify.com/s/files/1/0582/7693/7904/files/new-york-3-seater-sofa-brown.jpg?v=1745355800,2026-10-07 17:46 UTC
6.0,Friday u-sófi m/tungu hægri Mito desert Sb,311992,1,311992,,Húsgagnahöllin,simple contemporary,woven fabric,"The sofa matches the general style and shape, but the fabric and color are slightly less warm and inviting than desired.",https://husgagnahollin.is/vara/friday-u-sofi-m-tungu-haegri-mito-desert-sb/,https://husgagnahollin.is/wp-content/uploads/2024/06/Friday-u-sofi-mtungu-haegri-Mito-desert-Sb-123114429706.webp,2026-10-07 17:46 UTC
6.0,Paso Doble Night tungusófi hægri Mito Desert,314993,1,314993,,Húsgagnahöllin,modern relaxed,woven fabric,"The sofa is light in color and has a woven fabric, but the legs are visible and metallic, which detracts from the desired aesthetic.",https://husgagnahollin.is/vara/paso-doble-night-tungusofi-haegri-mito-desert/,https://husgagnahollin.is/wp-content/uploads/2024/10/Paso-Doble-Night-tungusofi-haegri-Mito-Desert-262255001099151563.webp,2026-10-07 17:46 UTC
6.0,Friday hornsófi 2h2 Mito beige Sb,319992,1,319992,,Húsgagnahöllin,simple modern,woven fabric,"The sofa has a light beige color and soft fabric which fits with the desired aesthetic, but the visible metal legs and the blocky design make it less aligned with the warmth and rounded edges of the references.",https://husgagnahollin.is/vara/friday-hornsofi-2h2-mito-beige-sb/,https://husgagnahollin.is/wp-content/uploads/2025/10/Friday-2h-mito-beige-2-copy-1.webp,2026-10-07 17:46 UTC
6.0,KRAMFORS Sófi 3ja sæta XL sandlitaður,322425,1,322425,,ILVA,simple modern,woven fabric,"The sofa's woven fabric and simple lines fit the aesthetic, but the legs are more visible than desired.",https://www.ilva.is/stok-vara/?ProductName=KRAMFORS-Sofi-3ja-saeta-XL-sandlitadur&PathId=4281ffde-4606-4172-b524-c44ff6c618af,https://www.ilva.is/library/Images/Products/V007630.jpg?proc=366x366,2026-10-07 17:46 UTC
6.0,DUBLIN Sófi 3ja sæta sandlitaður,335840,1,335840,,ILVA,boxy modern,woven fabric,"The sofa has a woven texture and a neutral color, but it lacks the loose back cushions and rounded arms characteristic of the target aesthetic.",https://www.ilva.is/stok-vara/?ProductName=DUBLIN-Sofi-3ja-saeta-sandlitadur&PathId=4281ffde-4606-4172-b524-c44ff6c618af,https://www.ilva.is/library/Images/Products/V010572.jpg?proc=366x366,2026-10-07 17:46 UTC
6.0,DALBY 4 sæta sófi m/4 púðum P012411 / 1301,349990,1,349990,,JYSK,modern rounded,woven fabric,The sofa has the right color and a soft woven texture but lacks the preferred L-shape and has more defined curves.,https://jysk.is/stok-vara/DALBY-4-saeta-sofi-m-4-pudum/?PathId=f6d7172e-17b7-451c-bff9-8ef08a1d4c2a,https://jysk.is/library/Images/products/P012411.jpg?proc=366x366,2026-10-08 06:47 UTC
6.0,JOREN 3ja sæta sófi XL ljósbrúnn,359920,1,359920,,ILVA,"modern, simple",woven fabric,The candidate is a sofa with clean lines and a soft fabric but has a darker color and lacks the L-shaped corner or chaise feature.,https://www.ilva.is/stok-vara/?ProductName=JOREN-3ja-saeta-sofi-XL-ljosbrunn&PathId=4281ffde-4606-4172-b524-c44ff6c618af,https://www.ilva.is/library/Images/Products/V014296.jpg?proc=366x366,2026-10-07 17:46 UTC
6.0,VARDO hornsófi brúnn (hægt að víxla) P013105 / DP,379990,1,379990,,JYSK,"modern, blocky",woven fabric,The candidate sofa has a modern and blocky style with soft rounded arms and plush seating but the color is too dark compared to the light cream aesthetic desired.,https://jysk.is/stok-vara/VARDO-hornsofi-brunn-haegt-ad-vixla/?PathId=daa6be5b-5fc6-4c03-a44a-6267f53d68a8,https://jysk.is/library/Images/products/P013105.jpg?proc=366x366,2026-10-08 06:47 UTC
6.0,MAGGIE tungusófi - vinstri tunga,388000,1,388000,,Snúran,contemporary minimal,woven fabric,"The sofa matches the light color but has metal legs, which conflicts with the preferred wooden base; it is contemporary but slightly more structured than the desired relaxed look.",https://snuran.is/products/furnhouse-maggie-tungusofi-vinstri-tau-grar-serpontun-3-4vikur,https://cdn.shopify.com/s/files/1/0582/7693/7904/files/maggie-l-shape-sofa-left-grey_bc187e41-39e2-4729-9ada-8016a5f70946.webp?v=1742137288,2026-10-07 17:46 UTC
6.0,Ravina sófi 3s + skammel Miami 402 brúnn,399992,1,399992,,Húsgagnahöllin,modern rounded,woven fabric,"The sofa has a modern rounded design and woven fabric that fits the relaxed style, but its color is darker than the desired light cream/off-white.",https://husgagnahollin.is/vara/ravina-sofi-3s-skammel-miami-402-brunn/,https://husgagnahollin.is/wp-content/uploads/2026/04/Ravina-sofi-3s-skammel-Miami-402-brunn-S1692402-1.webp,2026-10-07 17:46 UTC
5.0,Habitat sófi til sölu,30000,1,30000,,Bland (notað),modern sectional,woven fabric,"The sofa is a sectional with soft fabric and clean lines, but it is dark and does not match the preferred light and airy color palette.",https://bland.is/til-solu/heimilid/stofa/habitat-sofi-til-solu/5292234/,https://img.bland.is/album/img/105186/m/20261003184802_0.jpg,2026-10-07 17:46 UTC
5.0,SKIBBY sófaeining miðja sandlituð P013091 / 3620265,34990,1,34990,,JYSK,modern blocky,woven fabric,"The candidate has a light, woven fabric but its blocky shape and absence of back cushions detract from the desired relaxed look.",https://jysk.is/stok-vara/SKIBBY-sofaeining-midja-sandlitud/?PathId=308afa23-8d9e-4bb2-8dfa-fb8a3ade083c,https://jysk.is/library/Images/products/P013091.jpg?proc=366x366,2026-10-08 06:47 UTC
5.0,Sofabed 150x230cm can change other side tongue,37000,1,37000,,Bland (notað),"modern, simple",woven fabric,"The candidate sofa has a simple, modern style with a woven fabric and L-shape, but its dark color and visible legs do not match the light, hidden-leg aesthetic of the reference images.",https://bland.is/til-solu/heimilid/stofa/sofabed-150x230cm-can-change-other-side-tongue/5290413/,https://img.bland.is/album/img/427317/m/20260927105830_0.jpg,2026-10-07 17:46 UTC
5.0,Sofa Ilva 140x200x300cm,54000,1,54000,,Bland (notað),"modern, structured",synthetic woven fabric,"The sofa's design is structured with sharp lines and visible angular edges that differ from the relaxed, plush style in the references.",https://bland.is/til-solu/heimilid/stofa/sofa-ilva-140x200x300cm/5292961/,https://img.bland.is/album/img/427317/m/20261005221857_0.jpg,2026-10-07 17:46 UTC
5.0,Sofa ilva 140x200x300cm.///,54000,1,54000,,Bland (notað),modern L-shaped,woven fabric,"The sofa is L-shaped with clean lines and a woven fabric, but the color is darker than desired and the legs are more visible than preferred.",https://bland.is/til-solu/heimilid/stofa/sofa-ilva-140x200x300cm-/5290422/,https://img.bland.is/album/img/427317/m/20260927110819_0.jpg,2026-10-07 17:46 UTC
5.0,ANDRUP sófi 3ja sæta beige P011000 / 3630035,69990,1,69990,,JYSK,curved and modern,woven fabric,"The candidate sofa has a soft upholstered finish in a light, neutral color but lacks the loose back cushions, L-shape, and deep, relaxed seating style of the references.",https://jysk.is/stok-vara/ANDRUP-sofi-3ja-saeta-beige/?PathId=f6d7172e-17b7-451c-bff9-8ef08a1d4c2a,https://jysk.is/library/Images/products/P011000.jpg?proc=366x366,2026-10-08 06:47 UTC
5.0,Buddy svefnsófi Loop beige,127493,1,127493,,Húsgagnahöllin,modern minimal,woven fabric,"The sofa has a light neutral color and clean lines, but lacks the plush cushions and overall relaxed look.",https://husgagnahollin.is/vara/buddy-svefnsofi-loop-beige/,https://husgagnahollin.is/wp-content/uploads/2026/04/387203-∙-Buddy-svefnsofi-Loop-beige-1-12.webp,2026-10-07 17:46 UTC
5.0,MEXICO Sófi 3ja sæta sandlitaður,127920,1,127920,,ILVA,modern simple lines,woven fabric,"The sofa has a simple design with clean lines, but the color is darker than desired and legs are visible and not wooden.",https://www.ilva.is/stok-vara/?ProductName=MEXICO-Sofi-3ja-saeta-sandlitadur&PathId=4281ffde-4606-4172-b524-c44ff6c618af,https://www.ilva.is/library/Images/Products/V007240.jpg?proc=366x366,2026-10-07 17:46 UTC
5.0,"Brenham sófi 2,5s Cona beige",142493,1,142493,,Húsgagnahöllin,modern rounded,woven fabric,"The sofa is light in color and has soft rounded arms, but lacks the loose back cushions and the overall relaxed look of the reference images.",https://husgagnahollin.is/vara/brenham-sofi-25s-cona-beige/,https://husgagnahollin.is/wp-content/uploads/2026/02/0000115082-Brenham-sofi-25s-Cona-beige-1-copy.webp,2026-10-07 17:46 UTC
5.0,SKIBBY sófi 3ja sæta sand P013096 / S001,149990,1,149990,,JYSK,boxy minimal,woven fabric,"The candidate sofa is boxier with defined edges and lacks the plush, relaxed look; fabric and color are acceptable but not ideal.",https://jysk.is/stok-vara/SKIBBY-sofi-3ja-saeta-sand/?PathId=308afa23-8d9e-4bb2-8dfa-fb8a3ade083c,https://jysk.is/library/Images/products/P013096.jpg?proc=366x366,2026-10-08 06:47 UTC
5.0,Vilde sófi 2s Shaun Nature Bb,159992,1,159992,,Húsgagnahöllin,rounded minimalist,woven fabric,"The sofa is a light color with rounded edges, but lacks loose back cushions and is not an L-shape or chaise.",https://husgagnahollin.is/vara/vilde-sofi-2s-shaun-nature-bb/,https://husgagnahollin.is/wp-content/uploads/2024/09/Vilde-sofi-2s-Shaun-Nature-Bb-107312162002.webp,2026-10-07 17:46 UTC
5.0,CANTON Tungusófi hægri taupe með 16cm keilulaga eikarfótum,169900,1,169900,,ILVA,modern minimalist,woven fabric,"The candidate sofa is L-shaped and has clean lines, but it is in a darker taupe color, not the light creams or greiges desired.",https://www.ilva.is/stok-vara/?ProductName=CANTON-Tungusofi-haegri-taupe-med-16cm-keilulaga-eikarfotum&PathId=1fc7d092-ce9e-11ef-81b7-8f3b82297126,https://www.ilva.is/library/Images/Products/V014341.jpg?proc=366x366,2026-10-07 17:46 UTC
5.0,MOMO Sófi 3ja sæta sófi ljósbrúnn,169900,1,169900,,ILVA,"modern, compact",woven fabric,"The sofa has a clean and simple design with rounded arms, but its darker color and lack of loose back cushions differ from the reference.",https://www.ilva.is/stok-vara/?ProductName=MOMO-Sofi-3ja-saeta-sofi-ljosbrunn&PathId=4281ffde-4606-4172-b524-c44ff6c618af,https://www.ilva.is/library/Images/Products/V014596.jpg?proc=366x366,2026-10-07 17:46 UTC
5.0,AIMEE Tungusófi hægri taupe með miðjueiningu,199760,1,199760,,ILVA,"modern, blocky",woven fabric,The candidate sofa is a chaise design with a contemporary blocky look and woven fabric but is darker and less relaxed than the target aesthetic.,https://www.ilva.is/stok-vara/?ProductName=AIMEE-Tungusofi-haegri-taupe-med-midjueiningu&PathId=1fc7d092-ce9e-11ef-81b7-8f3b82297126,https://www.ilva.is/library/Images/Products/V011414.jpg?proc=366x366,2026-10-07 17:46 UTC
5.0,LIDO 3ja sæta sófi beige P008155 / 1301,199990,1,199990,,JYSK,"modern, minimal",linen-look fabric,"The candidate sofa has a clean and simple design with a light color and linen-look fabric, but it lacks the L-shape and plushness of the reference sofas, and has visible metal legs.",https://jysk.is/stok-vara/LIDO-3ja-saeta-sofi-beige/?PathId=f6d7172e-17b7-451c-bff9-8ef08a1d4c2a,https://jysk.is/library/Images/products/P008155.jpg?proc=366x366,2026-10-08 06:47 UTC
5.0,LIDO 3ja sæta sófi stone litur P008154 / 1301,199990,1,199990,,JYSK,modern minimalist,woven fabric,"The sofa has clean, simple lines with a woven fabric but lacks the L-shape and deep plushness preferred, and the legs are visible and dark.",https://jysk.is/stok-vara/LIDO-3ja-saeta-sofi-stone-litur/?PathId=f6d7172e-17b7-451c-bff9-8ef08a1d4c2a,https://jysk.is/library/Images/products/P008154.jpg?proc=366x366,2026-10-08 06:47 UTC
5.0,Bob sófi 3s City 05 beige,215992,1,215992,,Húsgagnahöllin,modern boxy,woven fabric,"The candidate sofa has a boxy shape and visible tufting, which contrasts with the relaxed, cushiony style preferred; the color is slightly darker, and the legs are not hidden.",https://husgagnahollin.is/vara/bob-sofi-3s-city-05-beige/,https://husgagnahollin.is/wp-content/uploads/2024/03/Bob-3s-sofi-beige-City-05-SOF309199.webp,2026-10-07 17:46 UTC
5.0,AUNING U sófi vinstri grár P010385 / SK0,239990,1,239990,,JYSK,modern clean lines,woven fabric,"The color is not light cream or warm greige and the legs are visible and metal, differing from the preferred concealed wooden legs but the overall style is simple and relaxed.",https://jysk.is/stok-vara/AUNING-U-sofi-vinstri-grar/?PathId=f6d7172e-17b7-451c-bff9-8ef08a1d4c2a,https://jysk.is/library/Images/products/P010385.jpg?proc=366x366,2026-10-08 06:47 UTC
5.0,AUNING U sófi hægri grár P010384 / SK0,239990,1,239990,,JYSK,modern sectional,woven fabric,"The sofa has a modern sectional design but the color is gray, not warm greige or cream, and it has visible legs instead of hidden or wooden ones.",https://jysk.is/stok-vara/AUNING-U-sofi-haegri-grar/?PathId=ca16cf42-330c-447d-bdfe-b0daa0c37394,https://jysk.is/library/Images/products/P010384.jpg?proc=366x366,2026-10-08 06:47 UTC
5.0,"Sófi RAR 2 sæta, ákl.Venezia Off-white",253360,1,253360,,Epal,modern simple,woven fabric,"The sofa is a light color with clean lines and woven fabric, but lacks the plush back cushions and relaxed form typical of the reference styles.",https://www.epal.is/products/sofi-rar-2-saeta-akl-venezia-off-white,https://cdn.shopify.com/s/files/1/0817/4167/6800/files/6d7fffd9-9381-4e13-a355-3cdc52205de0.jpg?v=1771278747,2026-10-07 17:46 UTC
5.0,MEXICO Hornsófi vinstri sandlitaður,263920,1,263920,,ILVA,"modern, simple",linen-look fabric,"The sofa is L-shaped and has a linen-look fabric, but the color is darker and the legs are more exposed than in the reference images.",https://www.ilva.is/stok-vara/?ProductName=MEXICO-Hornsofi-vinstri-sandlitadur&PathId=1fc7d092-ce9e-11ef-81b7-8f3b82297126,https://www.ilva.is/library/Images/Products/V007239X.jpg?proc=366x366,2026-10-07 17:46 UTC
5.0,MEXICO Hornsófi hægri sandlitaður,263920,1,263920,,ILVA,"modern, minimal, structured",woven fabric,"The candidate sofa is L-shaped with fabric material but lacks the soft, relaxed cushion aesthetics of the reference sofas and has visible black legs.",https://www.ilva.is/stok-vara/?ProductName=MEXICO-Hornsofi-haegri-sandlitadur&PathId=1fc7d092-ce9e-11ef-81b7-8f3b82297126,https://www.ilva.is/library/Images/Products/V007238.jpg?proc=366x366,2026-10-07 17:46 UTC
5.0,Cone svefnsófi Avella Warm grey,269993,1,269993,,Húsgagnahöllin,modern minimalist,woven fabric,"The sofa has clean lines and soft, rounded arms, but its color is darker grey than the desired cream or greige, affecting overall match.",https://husgagnahollin.is/vara/cone-svefnsofi-avella-warm-grey/,https://husgagnahollin.is/wp-content/uploads/2025/06/Cone-svefnsofi-Avella-Warm-grey-955430912820306282.jpg,2026-10-07 17:46 UTC
5.0,CLEVELAND Horntungusófi hægri tunga brúnn,279900,1,279900,,ILVA,modern minimalist,wool blend,"The sofa has a modern L-shape and simple lines, but it is a dark brown color which does not match the light cream or greige aesthetic desired.",https://www.ilva.is/stok-vara/?ProductName=CLEVELAND-Horntungusofi-haegri-tunga-brunn&PathId=1fc7d092-ce9e-11ef-81b7-8f3b82297126,https://www.ilva.is/library/Images/Products/V013475.jpg?proc=366x366,2026-10-07 17:46 UTC
5.0,Norum svefnsófi Esina brúnn,287992,1,287992,,Húsgagnahöllin,boxy modern,woven fabric,"The candidate sofa has a relaxed look with plush back cushions and soft rounded arms, but its dark brown color and absence of an L-shape don't align with the light aesthetic and configuration preference.",https://husgagnahollin.is/vara/norum-svefnsofi-esina-brunn/,https://husgagnahollin.is/wp-content/uploads/2026/04/95585204411022-Norum-svefnsofi-Esina-brunn-1.webp,2026-10-07 17:46 UTC
5.0,Nes hornsófi hægri Forza 5514 grænn,295992,1,295992,,Húsgagnahöllin,modern minimalist,woven fabric,"The sofa is a corner design with clean lines and a relaxed look, but the dark green color and visible legs don't match the light, warm aesthetic of the references.",https://husgagnahollin.is/vara/nes-hornsofi-haegri-forza-5514-graenn/,https://husgagnahollin.is/wp-content/uploads/2025/12/Nes-hornsofi-haegri-Forza-5514-graenn-KSO017938.webp,2026-10-07 17:46 UTC
5.0,Belle sófi,334900,1,334900,,Módern,modern minimalist,"woven fabric, metal legs","The color fits the cream/off-white aesthetic, but the metal legs and sleek design diverge from the relaxed, plush look.",https://modern.is/shop/husgogn/sofar-og-legubekkir/beinir-sofar/belle-sofi/,https://modern.is/wp-content/uploads/2022/02/flexlux-belle-3493221-1222-002-300x300.jpg,2026-10-07 17:46 UTC
5.0,HEAVEN Tungusófi hægri ljósbrúnn,335940,1,335940,,ILVA,contemporary sectional,woven fabric,"The sofa is L-shaped and has loose back cushions, but the color is darker than desired and the legs are not visible.",https://www.ilva.is/stok-vara/?ProductName=HEAVEN-Tungusofi-haegri-ljosbrunn&PathId=1fc7d092-ce9e-11ef-81b7-8f3b82297126,https://www.ilva.is/library/Images/Products/V010571.jpg?proc=366x366,2026-10-07 17:46 UTC
5.0,LAND Tungusófi vinstri taupe,399900,1,399900,,ILVA,modern minimalist,woven fabric,"The sofa aligns with the structural preferences of an L-shaped design and clean lines, but its color is darker and lacks the warm cream/greige tone of the reference images.",https://www.ilva.is/stok-vara/?ProductName=LAND-Tungusofi-vinstri-taupe&PathId=1fc7d092-ce9e-11ef-81b7-8f3b82297126,https://www.ilva.is/library/Images/Products/V007628.jpg?proc=366x366,2026-10-07 17:46 UTC
4.0,Sofa 160x70cm,0,1,0,,Bland (notað),minimalistic,woven fabric,"The sofa is a straight design with simple lines and soft rounded arms, but the color is a cooler grey and the cushion style is not as plush or relaxed as the references.",https://bland.is/til-solu/heimilid/stofa/sofa-160x70cm/5290319/,https://img.bland.is/album/img/289948/m/20260926211831_0.jpg,2026-10-07 17:46 UTC
4.0,Hornsófi / svefnsófi með geymslu,10000,1,10000,,Bland (notað),compact storage sofa,microfiber or suede-like,"The candidate is too dark in color and lacks the soft, relaxed lines and loose cushions of the target style.",https://bland.is/til-solu/heimilid/stofa/hornsofi-svefnsofi-med-geymslu/5292840/,https://img.bland.is/album/img/95690/m/20261005165534_0.jpg,2026-10-07 17:46 UTC
4.0,Sofa 170x260cm can  change other side tongue,30000,1,30000,,Bland (notað),modern minimal,woven fabric,"The sofa has a modern L-shape with clean lines, but the dark grey color and lack of plush, loose cushions make it less compatible with the desired aesthetic.",https://bland.is/til-solu/heimilid/stofa/sofa-170x260cm-can-change-other-side-tongue/5290969/,https://img.bland.is/album/img/427317/m/20260928230627_0.jpg,2026-10-07 17:46 UTC
4.0,Sofa ilva 140x230cm,32000,1,32000,,Bland (notað),modern minimalist,woven fabric,"The color and material are not warm or soft enough, and the metal legs contrast with the desired style of hidden or wooden legs.",https://bland.is/til-solu/heimilid/stofa/sofa-ilva-140x230cm/5290428/,https://img.bland.is/album/img/427317/m/20260927111444_0.jpg,2026-10-07 17:46 UTC
4.0,Sofabed 150x230 can change other side tongue,38000,1,38000,,Bland (notað),"modern, simplistic",woven fabric,"The sofa has clean lines and an L-shape which matches the preference, but the color is darker and the cushions are not as loose or plush as the references.",https://bland.is/til-solu/heimilid/stofa/sofabed-150x230-can-change-other-side-tongue/5292307/,https://img.bland.is/album/img/427317/m/20261004084456_0.jpg,2026-10-07 17:46 UTC
4.0,Sófi frá Penninn Eymundsson,40000,1,40000,,Bland (notað),modern minimalist,woven fabric,"The candidate sofa is modern and simple but darker grey than desired, with metal legs instead of wood, and lacks the relaxed, plush look of the target aesthetic.",https://bland.is/til-solu/heimilid/stofa/sofi-fra-penninn-eymundsson/5290584/,https://img.bland.is/album/img/383395/m/20260927174101_0.jpg,2026-10-07 17:46 UTC
4.0,SKIBBY sófaeining horn/endi sandlituð P013093 / 3620252,42990,1,42990,,JYSK,boxy modern,woven fabric,"The color and fabric texture somewhat align with the desired aesthetic, but the boxy shape and visible joints diverge from the relaxed, soft look.",https://jysk.is/stok-vara/SKIBBY-sofaeining-horn-endi-sandlitud/?PathId=daa6be5b-5fc6-4c03-a44a-6267f53d68a8,https://jysk.is/library/Images/products/P013093.jpg?proc=366x366,2026-10-08 06:47 UTC
4.0,Sófasett úr Ilva,45000,1,45000,,Bland (notað),modern simple,woven fabric,"The sofa is a straight design with woven fabric, but its color is dark grey, differing from the light cream tones preferred.",https://bland.is/til-solu/heimilid/stofa/sofasett-ur-ilva/5293022/,https://img.bland.is/album/img/150386/m/20261006102726_0.jpg,2026-10-07 17:46 UTC
4.0,SKEJBY sófaeining horn/endi dökkbrúnn P013082 / 3620301,47990,1,47990,,JYSK,modern boxy,fabric,The dark color and boxy design do not align with the light and soft aesthetic of the references.,https://jysk.is/stok-vara/SKEJBY-sofaeining-horn-endi-dokkbrunn/?PathId=daa6be5b-5fc6-4c03-a44a-6267f53d68a8,https://jysk.is/library/Images/products/P013082.jpg?proc=366x366,2026-10-08 06:47 UTC
4.0,VINSÆL SKEJBY sófaeining horn/endi sandlituð P009194 / 3650091,47990,1,47990,,JYSK,blocky modern,woven fabric,"The candidate sofa has appropriate color and fabric but is very blocky with no visible legs, lacking the relaxing lines and plushness of the target aesthetic.",https://jysk.is/stok-vara/SKEJBY-sofaeining-horn-endi-sandlitud/?PathId=308afa23-8d9e-4bb2-8dfa-fb8a3ade083c,https://jysk.is/library/Images/products/P009194.jpg?proc=366x366,2026-10-08 06:47 UTC
4.0,Tungusófi,50000,1,50000,,Bland (notað),"modern, minimalist",woven fabric,"The sofa is a minimalist L-shaped design but has a darker color and lacks plush loose back cushions, not matching the light, soft, and relaxed aesthetic.",https://bland.is/til-solu/heimilid/stofa/tungusofi/5292326/,https://img.bland.is/album/img/145423/m/20261004095021_0.jpg,2026-10-07 17:46 UTC
4.0,Sofa Ilva 140x200x300cm,50000,1,50000,,Bland (notað),"modern, angular",woven fabric,"The sofa is in a suitable shape and has a fabric that leans towards the required style, but the color is too dark and it lacks the relaxed, plush feel of the reference.",https://bland.is/til-solu/heimilid/stofa/sofa-ilva-140x200x300cm/5290401/,https://img.bland.is/album/img/427317/m/20260927104910_0.jpg,2026-10-07 17:46 UTC
4.0,Sofa Ilva 140x200x300cm,52000,1,52000,,Bland (notað),"modern, minimal",woven fabric,The sofa has clean lines and an L-shaped design but the color is too dark and the style is more modern than what the reference images depict.,https://bland.is/til-solu/heimilid/stofa/sofa-ilva-140x200x300cm/5292959/,https://img.bland.is/album/img/427317/m/20261005221749_0.jpg,2026-10-07 17:46 UTC
4.0,Sofa ilva 140x200x300cm .,54000,1,54000,,Bland (notað),modern angular,textured fabric,"The candidate sofa has a modern design with clean lines, but the color is darker and the fabric is more structured than the light, soft aesthetic desired.",https://bland.is/til-solu/heimilid/stofa/sofa-ilva-140x200x300cm-/5292955/,https://img.bland.is/album/img/427317/m/20261005215104_1.jpg,2026-10-07 17:46 UTC
4.0,Sofa Ilva 140x200x300cm,54000,1,54000,,Bland (notað),modern angular,"woven fabric, synthetic blend","The sofa is an L-shaped corner piece with simple lines, but it is a darker grey tone, has structured cushions, and lacks the soft, relaxed look of the references.",https://bland.is/til-solu/heimilid/stofa/sofa-ilva-140x200x300cm/5292306/,https://img.bland.is/album/img/427317/m/20261004084350_0.jpg,2026-10-07 17:46 UTC
4.0,Sofa leather 210x290cm,65000,1,65000,,Bland (notað),modern angular,leather-like,"The color and material do not match; it's a dark, likely leather material with an angular style, unlike the warm greige fabric look desired.",https://bland.is/til-solu/heimilid/stofa/sofa-leather-210x290cm/5292933/,https://img.bland.is/album/img/427317/m/20261005210737_0.jpg,2026-10-07 17:46 UTC
4.0,BALMAR 1 sæta eining m/hægri arm græn,71920,1,71920,,ILVA,modern blocky,woven fabric,The candidate has a soft woven texture and simple lines but is dark in color and lacks the L-shape or generous seating space.,https://www.ilva.is/stok-vara/?ProductName=BALMAR-1-saeta-eining-m-haegri-arm-graen&PathId=4281ffde-4606-4172-b524-c44ff6c618af,https://www.ilva.is/library/Images/Products/V013334.jpg?proc=366x366,2026-10-07 17:46 UTC
4.0,SKEJBY sófi 2ja sæta dökk brúnn P013085 / S001237,84990,1,84990,,JYSK,"modern, blocky",dark fabric,"The candidate sofa is too dark and has a blocky design with visible joints, contrasting with the light, spacious, and seamless look of the references.",https://jysk.is/stok-vara/SKEJBY-sofi-2ja-saeta-dokk-brunn/?PathId=308afa23-8d9e-4bb2-8dfa-fb8a3ade083c,https://jysk.is/library/Images/products/P013085.jpg?proc=366x366,2026-10-08 06:47 UTC
4.0,CLEVELAND Sófi 2ja sæta sandlitaður,109900,1,109900,,ILVA,simple and clean,woven fabric,"The color and fabric are fairly aligned with the target look, but the design lacks plushness and depth, and the wooden legs are more visible than desired.",https://www.ilva.is/stok-vara/?ProductName=CLEVELAND-Sofi-2ja-saeta-sandlitadur-2&PathId=4281ffde-4606-4172-b524-c44ff6c618af,https://www.ilva.is/library/Images/Products/V014280.jpg?proc=366x366,2026-10-07 17:46 UTC
4.0,AIMEE 2ja sæta sófi taupe,111840,1,111840,,ILVA,boxy contemporary,woven fabric,"The sofa has a boxy shape and dark taupe fabric, differing from the light and relaxed look in the references.",https://www.ilva.is/stok-vara/?ProductName=AIMEE-2ja-saeta-sofi-taupe&PathId=4281ffde-4606-4172-b524-c44ff6c618af,https://www.ilva.is/library/Images/Products/V013983.jpg?proc=366x366,2026-10-07 17:46 UTC
4.0,CLEVELAND Sófi 3ja sæta sandlitaður,119900,1,119900,,ILVA,"modern, simple",woven fabric,The candidate sofa is simple but lacks the warm tones and deep plush look of the reference and does not have the preferred L-shape or chaise.,https://www.ilva.is/stok-vara/?ProductName=CLEVELAND-Sofi-3ja-saeta-sandlitadur-2&PathId=4281ffde-4606-4172-b524-c44ff6c618af,https://www.ilva.is/library/Images/Products/V014283.jpg?proc=366x366,2026-10-07 17:46 UTC
4.0,Applaryd sòfi,120000,1,120000,,Bland (notað),modern minimalist,woven fabric,"The sofa has a modern look with simple lines and a woven fabric, but the color and exposed metal legs do not match the warm aesthetic and hidden legs preference.",https://bland.is/til-solu/heimilid/stofa/applaryd-s-fi/5293010/,https://img.bland.is/album/img/124442/m/20261006095009_0.jpg,2026-10-07 17:46 UTC
4.0,CLEVELAND Sófi 3ja sæta brúnn,139900,1,139900,,ILVA,"simple, modern",woven fabric,"The color and material do not match the light and soft look of the references, and the design does not have the preferred L-shape or chaise.",https://www.ilva.is/stok-vara/?ProductName=CLEVELAND-Sofi-3ja-saeta-brunn&PathId=4281ffde-4606-4172-b524-c44ff6c618af,https://www.ilva.is/library/Images/Products/V013471.jpg?proc=366x366,2026-10-07 17:46 UTC
4.0,VINSÆL ESBJERG sófi 3ja sæta grár leðurblanda P009679 / SK0,139990,1,139990,,JYSK,modern minimalist,leather blend,"The sofa's color and leather material do not match the desired warm fabric look, and it lacks the plush, relaxed feel and L-shape of the reference images.",https://jysk.is/stok-vara/ESBJERG-sofi-3ja-saeta-grar-ledurblanda/?PathId=f6d7172e-17b7-451c-bff9-8ef08a1d4c2a,https://jysk.is/library/Images/products/P009679.jpg?proc=366x366,2026-10-08 06:47 UTC
4.0,"Brenham sófi 2,5s Fay Rosewood",149993,1,149993,,Húsgagnahöllin,curved modern,woven fabric,The sofa has a soft woven fabric and curved lines but does not fit the light cream or greige aesthetic and lacks loose back cushions.,https://husgagnahollin.is/vara/brenham-sofi-25s-fay-rosewood/,https://husgagnahollin.is/wp-content/uploads/2026/02/0000113540-Brenham-25s-sofi-rosewood-fay-5.webp,2026-10-07 17:46 UTC
4.0,AIMEE Tungusófi hægri taupe,151840,1,151840,,ILVA,"modern, blocky",woven fabric,The color and fabric weave mismatch the target's light and warm tones and relaxed softness.,https://www.ilva.is/stok-vara/?ProductName=AIMEE-Tungusofi-haegri-taupe&PathId=1fc7d092-ce9e-11ef-81b7-8f3b82297126,https://www.ilva.is/library/Images/Products/V011374.jpg?proc=366x366,2026-10-07 21:43 UTC
4.0,AIMEE Tungusófi vinstri taupe,151840,1,151840,,ILVA,modern blocky,woven fabric,"The sofa has a modern blocky design with clean lines and a chaise, but the dark taupe color and lack of soft rounded arms do not align with the desired light and relaxed aesthetic.",https://www.ilva.is/stok-vara/?ProductName=AIMEE-Tungusofi-vinstri-taupe&PathId=1fc7d092-ce9e-11ef-81b7-8f3b82297126,https://www.ilva.is/library/Images/Products/V011373.jpg?proc=366x366,2026-10-07 21:43 UTC
4.0,SELENA sófi - 2ja sæta,156000,1,156000,,Snúran,modern compact,woven fabric,"The sofa's color is darker than desired, and the legs are metal and visible, which doesn't align with the hidden wooden legs in the reference style.",https://snuran.is/products/furnhouse-selena-2ja-saeta-sofi-tau-brunn-serpontun-3-4vikur,https://cdn.shopify.com/s/files/1/0582/7693/7904/files/selena-2-seater-sofa-beige.webp?v=1742140825,2026-10-07 17:46 UTC
4.0,Cayla svefnsófi Bouclé beige,157493,1,157493,,Húsgagnahöllin,modern minimalist,bouclé fabric,"The sofa lacks the deep, plush cushions and L-shape while the fabric and color partially match the desired look.",https://husgagnahollin.is/vara/cayla-svefnsofi-boucle-beige/,https://husgagnahollin.is/wp-content/uploads/2025/06/Cayla-svefnsofi-Boucle-beige-955431195394539.jpg,2026-10-07 17:46 UTC
4.0,Bolton tungusvefnsófi brúnn,159900,1,159900,,Húsgagnahöllin,modern blocky,woven fabric,"The color and fabric are not light or creamy enough, and the design is more structured and less relaxed than the target aesthetic, with visible legs and a boxy shape.",https://husgagnahollin.is/vara/bolton-tungusvefnsofi-brunn/,https://husgagnahollin.is/wp-content/uploads/2026/09/HS2105XZ51644-Bolton-tungusvefnsofi-brunn-1-scaled.webp,2026-10-07 17:46 UTC
4.0,CLEVELAND Tungusófi hægri sandlitaður,159900,1,159900,,ILVA,"modern, structured",woven fabric,"The sofa material and L-shape are appropriate, but the color is darker and more muted than desired, with visible legs and a more structured design.",https://www.ilva.is/stok-vara/?ProductName=CLEVELAND-Tungusofi-haegri-sandlitadur-2&PathId=1fc7d092-ce9e-11ef-81b7-8f3b82297126,https://www.ilva.is/library/Images/Products/V014282.jpg?proc=366x366,2026-10-07 17:46 UTC
4.0,SKEJBY sófi 3ja sæta dökk brúnn P013088 / S001,159990,1,159990,,JYSK,"modern, blocky",woven fabric,"The candidate sofa is dark and has a blocky, modern design with visible legs, which contrasts with the light, relaxed aesthetic of the reference images.",https://jysk.is/stok-vara/SKEJBY-sofi-3ja-saeta-dokk-brunn/?PathId=f6d7172e-17b7-451c-bff9-8ef08a1d4c2a,https://jysk.is/library/Images/products/P013088.jpg?proc=366x366,2026-10-08 06:47 UTC
4.0,SKEJBY tungusófi lítill hægri tunga opin endi dökk brúnn P013084 / S001,159990,1,159990,,JYSK,modern blocky,dark woven fabric,"The dark color and blocky design diverge from the light, soft, plush characteristics of the target style.",https://jysk.is/stok-vara/SKEJBY-tungusofi-litill-haegri-tunga-opin-endi-dokk-brunn/?PathId=308afa23-8d9e-4bb2-8dfa-fb8a3ade083c,https://jysk.is/library/Images/products/P013084.jpg?proc=366x366,2026-10-08 06:47 UTC
4.0,Vilde sófi 2s Shaun beige Bb,159992,1,159992,,Húsgagnahöllin,"rounded, minimalist","woven fabric, neutral color","The sofa has a rounded minimalist design with neutral woven fabric, but lacks the plush loose cushions and L-shaped configuration preferred in the references.",https://husgagnahollin.is/vara/vilde-sofi-2s-shaun-beige-bb/,https://husgagnahollin.is/wp-content/uploads/2024/09/Vilde-sofi-2s-Shaun-beige-Bb-107312162202.webp,2026-10-07 17:46 UTC
4.0,Borg sófi 3s ákl 638-6 brúnn,160993,1,160993,,Húsgagnahöllin,square quilted,woven fabric,"The candidate sofa has a woven fabric and simple lines, but its dark color and distinctive tufting style do not match the desired light color and relaxed, plush aesthetic.",https://husgagnahollin.is/vara/borg-sofi-3s-akl-638-6-brunn/,https://husgagnahollin.is/wp-content/uploads/2026/08/Borg-sofi-3s-akl-638-6-brunn-MK62553SJYM6386-1.webp,2026-10-07 17:46 UTC
4.0,CANTON Tungusófi vinstri taupe með 16 cm keilulaga svörtum viðarfótum,169900,1,169900,,ILVA,"modern, angular",woven fabric,"The color is too dark and the sofa has angular lines with visible legs, which do not match the relaxed, light aesthetic.",https://www.ilva.is/stok-vara/?ProductName=CANTON-Tungusofi-vinstri-taupe-med-16-cm-keilulaga-svortum-vidarfotum&PathId=1fc7d092-ce9e-11ef-81b7-8f3b82297126,https://www.ilva.is/library/Images/Products/V014342.jpg?proc=366x366,2026-10-07 17:46 UTC
4.0,"Nes sófi 2,5s Forza 5504 beige",175992,1,175992,,Húsgagnahöllin,modern minimal,woven fabric,"The sofa has a woven fabric and light color but lacks the deep plush look, loose cushions, and hidden or wooden legs preferred in the target aesthetic.",https://husgagnahollin.is/vara/nes-sofi-25s-forza-5504-beige/,https://husgagnahollin.is/wp-content/uploads/2022/05/Nes-scapa-sofi-sofar-2-5s-Forza-5504-beige-SOF306944.jpg,2026-10-07 17:46 UTC
4.0,CLEVELAND Tungusófi hægri brúnn,179900,1,179900,,ILVA,"contemporary, straight lines",woven fabric,"The sofa's color is too dark, and the style lacks the relaxed, plush quality seen in the references.",https://www.ilva.is/stok-vara/?ProductName=CLEVELAND-Tungusofi-haegri-brunn&PathId=1fc7d092-ce9e-11ef-81b7-8f3b82297126,https://www.ilva.is/library/Images/Products/V013288.jpg?proc=366x366,2026-10-07 17:46 UTC
4.0,CLEVELAND Tungusófi vinstri brúnn,179900,1,179900,,ILVA,"modern, functional",woven fabric,"The candidate sofa is L-shaped and has simple lines but is too dark in color and has visible legs, differing from the desired light, soft look.",https://www.ilva.is/stok-vara/?ProductName=CLEVELAND-Tungusofi-vinstri-brunn&PathId=1fc7d092-ce9e-11ef-81b7-8f3b82297126,https://www.ilva.is/library/Images/Products/V013733.jpg?proc=366x366,2026-10-07 17:46 UTC
4.0,VINSÆL ESBJERG tungusófi hægri grár leðurblanda P009680 / SK0,189990,1,189990,,JYSK,modern angular,leather blend,"The sofa has a modern design but the leather material and darker color do not match the light, soft fabric aesthetic.",https://jysk.is/stok-vara/ESBJERG-tungusofi-haegri-grar-ledurblanda/?PathId=daa6be5b-5fc6-4c03-a44a-6267f53d68a8,https://jysk.is/library/Images/products/P009680.jpg?proc=366x366,2026-10-08 06:47 UTC
4.0,BALMAR 3ja sæta sófi grænn,199760,1,199760,,ILVA,modern minimalist,woven fabric,"The candidate sofa has a minimalist design and soft cushions but is too dark in color and lacks the light, warm tones of the reference sofas.",https://www.ilva.is/stok-vara/?ProductName=BALMAR-3ja-saeta-sofi-graenn&PathId=4281ffde-4606-4172-b524-c44ff6c618af,https://www.ilva.is/library/Images/Products/V013464.jpg?proc=366x366,2026-10-07 17:46 UTC
4.0,LIDO 3ja sæta sófi olive P008153 / 1301,199990,1,199990,,JYSK,modern minimalistic,woven fabric,"The sofa is structured, with clean lines and not very deep or plush, in a muted green color which doesn't match the desired light neutral palette.",https://jysk.is/stok-vara/LIDO-3ja-saeta-sofi-olive/?PathId=f6d7172e-17b7-451c-bff9-8ef08a1d4c2a,https://jysk.is/library/Images/products/Badherbergid/P008153.jpg?proc=366x366,2026-10-08 06:47 UTC
4.0,Friday tungusófi (A) Mito antrazit Sb,199992,1,199992,,Húsgagnahöllin,modern bulky,woven fabric,"The sofa is a corner design with simple lines but the color is dark, legs are metallic, and overall it has a bulkier appearance.",https://husgagnahollin.is/vara/friday-tungusofi-a-mito-antracit/,https://husgagnahollin.is/wp-content/uploads/2024/07/Friday-tungusofi-A-Mito-Antracit-123111429506.jpg,2026-10-07 17:46 UTC
4.0,MEXICO Tungusófi hægri sandlitaður,207920,1,207920,,ILVA,modern casual,woven fabric,"The candidate sofa has a modern design with a woven fabric but the darker tone, visible legs, and structured arms differ from the relaxed aesthetic of the references.",https://www.ilva.is/stok-vara/?ProductName=MEXICO-Tungusofi-haegri-sandlitadur&PathId=1fc7d092-ce9e-11ef-81b7-8f3b82297126,https://www.ilva.is/library/Images/Products/V001586.jpg?proc=366x366,2026-10-07 17:46 UTC
4.0,MEXICO Tungusófi vinstri grænn,207920,1,207920,,ILVA,modern sleek,woven fabric,"The sofa has a modern L-shape but is dark green with visible legs, lacking the light, relaxed aesthetic of the references.",https://www.ilva.is/stok-vara/?ProductName=MEXICO-Tungusofi-vinstri-graenn&PathId=1fc7d092-ce9e-11ef-81b7-8f3b82297126,https://www.ilva.is/library/Images/Products/V007227.jpg?proc=366x366,2026-10-07 17:46 UTC
4.0,MEXICO Tungusófi vinstri sandlitaður,207920,1,207920,,ILVA,modern minimal,woven fabric,"The sofa has a contemporary design with simple lines and a chaise, but the color is darker and the legs are exposed and dark, deviating from the light, hidden legs aesthetic.",https://www.ilva.is/stok-vara/?ProductName=MEXICO-Tungusofi-vinstri-sandlitadur&PathId=1fc7d092-ce9e-11ef-81b7-8f3b82297126,https://www.ilva.is/library/Images/Products/V001595.jpg?proc=366x366,2026-10-07 17:46 UTC
4.0,Willow sófi 3ja sæta Hevre ljós beige Bm,207992,1,207992,,Húsgagnahöllin,modern minimalist,wool-like fabric,"The sofa has clean, simple lines and is an acceptable color but lacks plush, loose back cushions and rounded arms; has visible metal legs.",https://husgagnahollin.is/vara/willow-sofi-3ja-saeta-hevre-ljos-beige-bm/,https://husgagnahollin.is/wp-content/uploads/2024/07/Willow-sofi-3ja-saeta-Hevre-ljos-beige-Bm-103233098006-copy-1.webp,2026-10-07 17:46 UTC
4.0,HEAVEN Sófi 3ja sæta ljósbrúnn,209940,1,209940,,ILVA,straight sofa,woven fabric,The sofa has a woven fabric and relaxed cushions but the color is too dark and it lacks an L-shape or chaise.,https://www.ilva.is/stok-vara/?ProductName=HEAVEN-Sofi-3ja-saeta-ljosbrunn&PathId=4281ffde-4606-4172-b524-c44ff6c618af,https://www.ilva.is/library/Images/Products/V010565.jpg?proc=366x366,2026-10-07 17:46 UTC
4.0,Columbia sófi m/hægri hvíld Caso 162 grænn,209994,1,209994,,Húsgagnahöllin,"modern, blocky","fabric, dark green","While it is a chaise design, its dark green color, blocky shape, and visible tufting do not match the light, relaxed, and simple aesthetic of the reference images.",https://husgagnahollin.is/vara/columbia-hvildarsofi-haegri-caso-162-graenn/,https://husgagnahollin.is/wp-content/uploads/2025/08/H000025125-Columbia-hvildarsofi-vinstri-Caso-162-graenn-1.jpg,2026-10-07 17:46 UTC
4.0,LARVIK Tungusófi hægri sandlitaður,219900,1,219900,,ILVA,"modern, structured",velvet or smooth fabric,"The candidate sofa is a chaise but has smooth upholstery and visible metal legs, giving it a structured look that deviates from the relaxed, plush aesthetic desired.",https://www.ilva.is/stok-vara/?ProductName=LARVIK-Tungusofi-haegri-sandlitadur&PathId=1fc7d092-ce9e-11ef-81b7-8f3b82297126,https://www.ilva.is/library/Images/Products/V000915.jpg?proc=366x366,2026-10-07 17:46 UTC
4.0,AUNING hornsófi 3+1+2 (hægt að víxla) grár P010386 / SK0,219990,1,219990,,JYSK,modern simple,woven fabric,The sofa has a woven fabric and simple lines but is darker and has visible legs that are not wooden.,https://jysk.is/stok-vara/AUNING-hornsofi-3-1-2-haegt-ad-vixla-grar/?PathId=daa6be5b-5fc6-4c03-a44a-6267f53d68a8,https://jysk.is/library/Images/products/P010386.jpg?proc=366x366,2026-10-08 06:47 UTC
4.0,Eugene tungusófi hægri Hip 24 grár,223993,1,223993,,Húsgagnahöllin,"modern, structured",woven fabric,"The sofa has a modern look with structured lines and dark legs, which contrasts with the relaxed, rounded style and lighter tones of the references.",https://husgagnahollin.is/vara/eugene-tungusofi-haegri-hip-24-grar/,https://husgagnahollin.is/wp-content/uploads/2025/10/6903CLRAHIP24-Eugene-tungusofi-haegri-Hip-24-grar-1.webp,2026-10-07 17:46 UTC
4.0,CLEVELAND Hornsófi hægri brúnn,229900,1,229900,,ILVA,simple modern,woven fabric,"The sofa has a simple design and is an L-shaped corner, but the color is too dark and the fabric does not appear soft or plush.",https://www.ilva.is/stok-vara/?ProductName=CLEVELAND-Hornsofi-haegri-brunn&PathId=1fc7d092-ce9e-11ef-81b7-8f3b82297126,https://www.ilva.is/library/Images/Products/V013473.jpg?proc=366x366,2026-10-07 17:46 UTC
4.0,HEAVEN Sófi 3ja sæta XL ljósbrúnn,233940,1,233940,,ILVA,"modern, simple",linen-look fabric,"The sofa has a simple design and linen-look fabric, but its darker color and straight lines detract from the target light and soft aesthetic.",https://www.ilva.is/stok-vara/?ProductName=HEAVEN-Sofi-3ja-saeta-XL-ljosbrunn&PathId=4281ffde-4606-4172-b524-c44ff6c618af,https://www.ilva.is/library/Images/Products/V010566.jpg?proc=366x366,2026-10-07 17:46 UTC
4.0,SPRINGFIELD Tungusófi hægri stone,239920,1,239920,,ILVA,modern minimal,dark woven fabric,"The candidate sofa is too dark and structured compared to the light, soft, and plush aesthetic of the references.",https://www.ilva.is/stok-vara/?ProductName=SPRINGFIELD-Tungusofi-haegri-stone&PathId=1fc7d092-ce9e-11ef-81b7-8f3b82297126,https://www.ilva.is/library/Images/Products/V008951.png?proc=366x366,2026-10-07 17:46 UTC
4.0,"Sky sófi 3,5s Rocket brúnn Bb",245994,1,245994,,Húsgagnahöllin,"rounded, deep",woven fabric,The color is too dark and the sofa lacks the L-shape; the style is relaxed but not the light neutral color desired.,https://husgagnahollin.is/vara/sky-sofi-35s-rocket-brunn-bb/,https://husgagnahollin.is/wp-content/uploads/2022/11/Sky-sofi-3-5s-Rocket-brunn-Bb-123346601502.jpg,2026-10-07 17:46 UTC
4.0,Altari hornsófi hægri Alloy,254993,1,254993,,Húsgagnahöllin,"contemporary, basic",woven fabric,"The color is too dark and cool for the target aesthetic, and the lines are more rigid and structured.",https://husgagnahollin.is/vara/altari-hornsofi-haegri-alloy/,https://husgagnahollin.is/wp-content/uploads/2024/04/Altari-hornsofi-haegri-Alloy-87214178721466-scaled.png,2026-10-07 17:46 UTC
4.0,Friday hornsófi vinstri Mito antrazit Sb,255992,1,255992,,Húsgagnahöllin,modern angular,woven fabric,"The candidate sofa is L-shaped and upholstered in a woven fabric, but it is a dark grey with angular lines and visible metal legs, contrasting with the light, soft, and relaxed look of the references.",https://husgagnahollin.is/vara/friday-hornsofi-vinstri-mito-antracit/,https://husgagnahollin.is/wp-content/uploads/2024/07/Friday-hornsofi-vinstri-Mito-antracit-123112429506-1.jpg,2026-10-07 17:46 UTC
4.0,Friday hornsófi hægri Mito antrazit Sb,255992,1,255992,,Húsgagnahöllin,modern minimal,woven fabric,"The candidate sofa has a modern aesthetic but lacks the light, soft color and plush cushions of the target style.",https://husgagnahollin.is/vara/friday-hornsofi-haegri-mito-antracit/,https://husgagnahollin.is/wp-content/uploads/2024/07/Friday-hornsofi-haegri-Mito-antracit-123113429506-1.jpg,2026-10-07 17:46 UTC
4.0,MEXICO Hornsófi hægri grænn,263920,1,263920,,ILVA,modern sectional,woven fabric,"The candidate sofa has a modern design and L-shape, but the dark green color and visible dark legs do not match the light, soft aesthetic of the references.",https://www.ilva.is/stok-vara/?ProductName=MEXICO-Hornsofi-haegri-graenn&PathId=1fc7d092-ce9e-11ef-81b7-8f3b82297126,https://www.ilva.is/library/Images/Products/V001598.jpg?proc=366x366,2026-10-07 17:46 UTC
4.0,MEXICO Hornsófi vinstri grænn,263920,1,263920,,ILVA,modern angular,woven fabric,"The sofa is L-shaped and has a woven fabric, but the color is a dark green, and the legs are prominent and metal, contrasting with the desired light, soft aesthetic.",https://www.ilva.is/stok-vara/?ProductName=MEXICO-Hornsofi-vinstri-graenn&PathId=1fc7d092-ce9e-11ef-81b7-8f3b82297126,https://www.ilva.is/library/Images/Products/V001601.jpg?proc=366x366,2026-10-07 17:46 UTC
4.0,Newilla svefnsófi Bouclé beige,263992,1,263992,,Húsgagnahöllin,boxy modern,bouclé fabric,"The sofa's fabric and color match the reference, but the design is too boxy with no loose cushions or L-shape.",https://husgagnahollin.is/vara/newilla-svefnsofi-boucle-beige/,https://husgagnahollin.is/wp-content/uploads/2025/06/Newilla-svefnsofi-Boucle-beige-95543150339012539.jpg,2026-10-07 17:46 UTC
4.0,SKEJBY hornsófi dökk brúnn P013090 / S001,269990,1,269990,,JYSK,"modular, blocky",dark woven fabric,"The sofa is modular and blocky with hidden legs, but the dark color and blocky design do not match the light, soft, and relaxed style of the references.",https://jysk.is/stok-vara/SKEJBY-hornsofi-dokk-brunn/?PathId=daa6be5b-5fc6-4c03-a44a-6267f53d68a8,https://jysk.is/library/Images/products/P013090.jpg?proc=366x366,2026-10-08 06:47 UTC
4.0,SCOTT Hornsófi hægri stone,271920,1,271920,,ILVA,modern minimal,fabric,The sofa has the right shape and configuration but the fabric and color do not match the light cream or greige aesthetic and the legs are too visible and metallic.,https://www.ilva.is/stok-vara/?ProductName=SCOTT-Hornsofi-haegri-stone&PathId=1fc7d092-ce9e-11ef-81b7-8f3b82297126,https://www.ilva.is/library/Images/Products/V000518.jpg?proc=366x366,2026-10-07 17:46 UTC
4.0,Aspen hornsófi vinstri Kentucky 1 antrazit,271992,1,271992,,Húsgagnahöllin,"modern, angular",faux leather,"The materials and color do not match the target aesthetic, and the legs are metal, which don't align with the desired style.",https://husgagnahollin.is/vara/aspen-hornsofi-vinstri-kentucky-1-antrazit/,https://husgagnahollin.is/wp-content/uploads/2023/05/Aspen-hornsofi-vinstri-Kentucky-1-antrazit-KSO016643.jpg,2026-10-07 17:46 UTC
4.0,CLEVELAND Horntungusófi vinstri tunga brúnn,279900,1,279900,,ILVA,modern angular,woven fabric,"The sofa is an L-shaped corner with a neutral tone, but it is darker and more angular than the relaxed, rounded style desired.",https://www.ilva.is/stok-vara/?ProductName=CLEVELAND-Horntungusofi-vinstri-tunga-brunn&PathId=1fc7d092-ce9e-11ef-81b7-8f3b82297126,https://www.ilva.is/library/Images/Products/V013474.jpg?proc=366x366,2026-10-07 17:46 UTC
4.0,VINSÆL ESBJERG hornsófi opinn-endi hægri grár leðurblanda P009682 / SK0,279990,1,279990,,JYSK,modern angular,leather blend,"The candidate sofa is the right L-shaped corner but is made from a leather-blend material and comes in a darker greige, which does not align with the soft fabric and light color of the reference aesthetic.",https://jysk.is/stok-vara/ESBJERG-hornsofi-opinn-endi-haegri-grar-ledurblanda/?PathId=daa6be5b-5fc6-4c03-a44a-6267f53d68a8,https://jysk.is/library/Images/products/P009682.jpg?proc=366x366,2026-10-08 06:47 UTC
4.0,Vesta tungusófi vinstri Mito antrazit,279992,1,279992,,Húsgagnahöllin,"modern, minimal","woven fabric, likely polyester","The colour is dark compared to the references, with metal legs, creating a more modern look rather than the warm, inviting one in the references.",https://husgagnahollin.is/vara/vesta-tungusofi-vinstri-mito-antrazit/,https://husgagnahollin.is/wp-content/uploads/2024/11/Vesta-tungusofi-vinstri-Mito-antrazit-4467600060151579.webp,2026-10-07 17:46 UTC
4.0,Augusta sófi 3s m/rafmagni Wales 170 beige,279992,1,279992,,Húsgagnahöllin,modern blocky,woven fabric,"The color and fabric are suitable, but the blocky shape and visible legs with metal do not match the relaxed, rounded, and soft look of the reference images.",https://husgagnahollin.is/vara/augusta-sofi-3s-m-rafmagni-aklaedi-grar/,https://husgagnahollin.is/wp-content/uploads/2024/01/Augusta-sofi-3s-mrafmagni-aklaedi-grar-KM605815E15EH0500920.webp,2026-10-07 17:46 UTC
4.0,"Sófi RAR 3 sæta, ákl.Venezia Off-white",292720,1,292720,,Epal,modern minimalist,woven fabric,"The sofa's color and fabric are appropriate, but the legs are metal and not hidden, and the design is more structured and minimalist than the relaxed style preferred.",https://www.epal.is/products/sofi-rar-3-saeta-akl-venezia-off-white,https://cdn.shopify.com/s/files/1/0817/4167/6800/files/20683f10-e2e2-416d-9d4b-3771f06b9738.jpg?v=1771278753,2026-10-07 17:46 UTC
4.0,Cubo Magnum tungusvefnsófi vinstri Queens Ash,299940,1,299940,,Húsgagnahöllin,"structured, modern","fabric, dark neutral color","The candidate sofa is in the L-shape with simple lines, but the dark fabric and visible legs do not match the light, relaxed, and cozy aesthetic.",https://husgagnahollin.is/vara/cubo-magnum-tungusvefnsofi-vinstri-queens-ash/,https://husgagnahollin.is/wp-content/uploads/2025/01/Cubo-Magnum-tungusvefnsofi-vinstri-Queens-Ash-272673445.webp,2026-10-07 17:46 UTC
4.0,VINSÆL LIDO tungusófi hægri olive P006681 / 1301,299990,1,299990,,JYSK,"modern, sleek",woven fabric,"It has an L-shaped design with loose cushions, but the dark olive color does not match the light, warm tones sought.",https://jysk.is/stok-vara/LIDO-tungusofi-haegri-olive/?PathId=daa6be5b-5fc6-4c03-a44a-6267f53d68a8,https://jysk.is/library/Images/products/P006681.jpg?proc=366x366,2026-10-08 06:47 UTC
4.0,YSTAD tungusófi vinstri grár leðurblanda P012469 / SK0,299990,1,299990,,JYSK,modern minimalist,grá leðurblanda,"The candidate sofa is leather and gray, differing from the desired light fabric look. It lacks the plush, loose cushions and hidden legs preferred in the reference.",https://jysk.is/stok-vara/YSTAD-tungusofi-vinstri-grar-ledurblanda/?PathId=daa6be5b-5fc6-4c03-a44a-6267f53d68a8,https://jysk.is/library/Images/products/P012469.jpg?proc=366x366,2026-10-08 06:47 UTC
4.0,YSTAD tungusófi hægri grár leðurblanda P012468 / SK0,299990,1,299990,,JYSK,"modern, angular",leather blend,"The sofa has a modern, angular look with leather-like material and visible metal legs, which contrasts with the soft and relaxed style of the reference sofas.",https://jysk.is/stok-vara/YSTAD-tungusofi-haegri-grar-ledurblanda/?PathId=daa6be5b-5fc6-4c03-a44a-6267f53d68a8,https://jysk.is/library/Images/products/P012468.jpg?proc=366x366,2026-10-08 06:47 UTC
4.0,LIDO tungusófi hægri dökkbrúnn corduroy P012071 / 1301,299990,1,299990,,JYSK,"modern, structured",corduroy,"The dark corduroy fabric and structured design do not fit the light, relaxed, and soft aesthetic of the target look.",https://jysk.is/stok-vara/LIDO-tungusofi-haegri-dokkbrunn-corduroy/?PathId=daa6be5b-5fc6-4c03-a44a-6267f53d68a8,https://jysk.is/library/Images/products/P012071.jpg?proc=366x366,2026-10-08 06:47 UTC
4.0,BERGEN U sófi hægri leðurblanda P010272 / SK0,299990,1,299990,,JYSK,contemporary L-shaped,leather blend,"The sofa's L-shape fits the desired structure, but the leather material and color do not match the light, soft fabric and color palette preferred.",https://jysk.is/stok-vara/BERGEN-U-sofi-haegri-ledurblanda/?PathId=ca16cf42-330c-447d-bdfe-b0daa0c37394,https://jysk.is/library/Images/products/P010272.jpg?proc=366x366,2026-10-08 06:47 UTC
4.0,Pinto hornsófi hægri Kentucky 02 Stone,303992,1,303992,,Húsgagnahöllin,modern sectional,faux suede,"The candidate sofa has clean, simple lines and is L-shaped but uses faux suede with visible metal legs, and lacks the plush, relaxed look of the references.",https://husgagnahollin.is/vara/pinto-hornsofi-haegri-kentucky-02-stone/,https://husgagnahollin.is/wp-content/uploads/2022/12/Pinto-hornsofi-haegri-Kentucky-02-Stone-KSO012112.webp,2026-10-07 17:46 UTC
4.0,SPRINGFIELD Hornsófi hægri earth,307920,1,307920,,ILVA,"modern, angular",woven fabric,"The sofa is darker and more angular than the reference, with visible legs and lacks the plush, relaxed look.",https://www.ilva.is/stok-vara/?ProductName=SPRINGFIELD-Hornsofi-haegri-earth&PathId=1fc7d092-ce9e-11ef-81b7-8f3b82297126,https://www.ilva.is/library/Images/Products/V009572.png?proc=366x366,2026-10-07 17:46 UTC
4.0,SPRINGFIELD Hornsófi vinstri earth,307920,1,307920,,ILVA,contemporary minimal,woven fabric,"The candidate sofa has a contemporary design but its darker color, visible metal legs, and structured shape differ from the desired light, soft, and relaxed look.",https://www.ilva.is/stok-vara/?ProductName=SPRINGFIELD-Hornsofi-vinstri-earth&PathId=1fc7d092-ce9e-11ef-81b7-8f3b82297126,https://www.ilva.is/library/Images/Products/V009571.png?proc=366x366,2026-10-07 17:46 UTC
4.0,SPRINGFIELD Hornsófi vinstri stone,307920,1,307920,,ILVA,modern structured,woven fabric,"The sofa has a modern L-shape with clean lines but differs in color and visible metal legs, lacking the relaxed and soft aesthetic desired.",https://www.ilva.is/stok-vara/?ProductName=SPRINGFIELD-Hornsofi-vinstri-stone&PathId=1fc7d092-ce9e-11ef-81b7-8f3b82297126,https://www.ilva.is/library/Images/Products/V009573.png?proc=366x366,2026-10-07 17:46 UTC
4.0,SKEJBY U-tungusófi dökk brúnn P013089 / S001,319990,1,319990,,JYSK,chunky modern,dark woven fabric,"The sofa is dark and chunky, lacking the light tones and soft fabrics of the target style.",https://jysk.is/stok-vara/SKEJBY-U-tungusofi-dokk-brunn/?PathId=308afa23-8d9e-4bb2-8dfa-fb8a3ade083c,https://jysk.is/library/Images/products/P013089.jpg?proc=366x366,2026-10-08 06:47 UTC
4.0,YSTAD hornsófi opinn-endi vinstri grár leðurblanda P012471 / SK0,329990,1,329990,,JYSK,modern angular,"leather blend, metal","The sofa is leather, with straight lines and metal legs, which doesn't match the warm, soft fabric look and wooden elements desired.",https://jysk.is/stok-vara/YSTAD-hornsofi-opinn-endi-vinstri-grar-ledurblanda/?PathId=daa6be5b-5fc6-4c03-a44a-6267f53d68a8,https://jysk.is/library/Images/products/P012471.jpg?proc=366x366,2026-10-08 06:47 UTC
4.0,Vesta tungusófi vinstri Kentucky Mocca,335992,1,335992,,Húsgagnahöllin,modern blocky,faux leather,"The dark faux leather and blocky style with visible legs do not match the light, soft, and relaxed aesthetic of the reference images.",https://husgagnahollin.is/vara/vesta-tungusofi-vinstri-kentucky-mocca/,https://husgagnahollin.is/wp-content/uploads/2026/05/4467600060152668-Vesta-tungusofi-vinstri-Kentucky-Mocca-1.webp,2026-10-07 17:46 UTC
4.0,SIENA Tungusófi hægri gulur,343920,1,343920,,ILVA,modern minimalist,woven fabric,"The candidate is an L-shaped sofa with soft rounded arms and a simple design, but the color is a saturated yellow, which does not match the desired light or neutral palette.",https://www.ilva.is/stok-vara/?ProductName=SIENA-Tungusofi-haegri-gulur&PathId=1fc7d092-ce9e-11ef-81b7-8f3b82297126,https://www.ilva.is/library/Images/Products/V013959.jpg?proc=366x366,2026-10-07 17:46 UTC
4.0,Volluzzi sófi,344900,1,344900,,Módern,"modern, angular",woven fabric,"The sofa has a modern design with woven fabric, but it lacks the relaxed, plush look; its color is darker and legs are visible.",https://modern.is/shop/husgogn/sofar-og-legubekkir/beinir-sofar/volluzzi-sofi/,https://modern.is/wp-content/uploads/2022/02/flexlux-voluzzi-3403221-2401-002-300x300.jpg,2026-10-07 17:46 UTC
4.0,SCOTT Horntungusófi hægri tunga stone,351920,1,351920,,ILVA,modern minimal,woven fabric,"The candidate sofa has a modern design with clean lines and a woven fabric, but the color is darker than the desired light cream or greige, and the legs are visible and metallic, which contradicts the preference for hidden or wooden legs.",https://www.ilva.is/stok-vara/?ProductName=SCOTT-Horntungusofi-haegri-tunga-stone&PathId=1fc7d092-ce9e-11ef-81b7-8f3b82297126,https://www.ilva.is/library/Images/Products/V005731.jpg?proc=366x366,2026-10-07 17:46 UTC
4.0,DETROIT sófi - 3ja sæta,366000,1,366000,,Snúran,"modern, minimal",woven fabric,"The candidate sofa is a straight sofa in a neutral tone with simple lines, but the dark legs and lack of a chaise or L-shape reduce its match to the desired aesthetic.",https://snuran.is/products/furnhouse-detroit-sofi-3ja-saeta-tau-brunn-serpontun-3-4vikur,https://cdn.shopify.com/s/files/1/0582/7693/7904/files/detroit-3-seater-dark-grey_14.jpg?v=1742144839,2026-10-07 17:46 UTC
4.0,HEAVEN Tungusófi vinstri grænn,389940,1,389940,,ILVA,"contemporary, casual","fabric, wood","The dark color and material don't match the light, soft aesthetic of the reference images.",https://www.ilva.is/stok-vara/?ProductName=HEAVEN-Tungusofi-vinstri-graenn&PathId=1fc7d092-ce9e-11ef-81b7-8f3b82297126,https://www.ilva.is/library/Images/Products/V011511.jpg?proc=366x366,2026-10-07 17:46 UTC
4.0,Coda sófi,394900,1,394900,,Módern,curved modern,soft woven fabric,"The candidate sofa has a light cream color and soft fabric but features a curved shape and lacks the relaxed, deep design with loose back cushions seen in the references.",https://modern.is/shop/husgogn/sofar-og-legubekkir/beinir-sofar/coda-sofi/,https://modern.is/wp-content/uploads/2026/06/1724412871-new_works_packshots_coda_sofa_32-42_configuration_perspective-300x300.jpg,2026-10-07 17:46 UTC
4.0,"Sófi DESERT 3 sæta, Cashmere ákl.Pure B",395900,1,395900,,Epal,minimalist modern,soft woven fabric,"The materials and color are close, but the metal frame and visible legs contrast with the desired relaxed, low-profile look.",https://www.epal.is/products/sofi-desert-3-saeta-cashmere-akl-pure-b,https://cdn.shopify.com/s/files/1/0817/4167/6800/files/36dbbc91-5775-4e8e-a797-f9f35ebdf2f3.jpg?v=1771298423,2026-10-07 17:46 UTC
3.0,Leðursófi,20000,1,20000,,Bland (notað),"modern, minimalist",leather,"The candidate sofa is leather, which does not match the fabric requirement, and its straight back and structured form contrast the relaxed style desired.",https://bland.is/til-solu/heimilid/stofa/ledursofi/5292704/,https://img.bland.is/album/img/80330/m/20261005085837_0.jpg,2026-10-07 17:46 UTC
3.0,Sofa 170x255cm can change other side tongue,30000,1,30000,,Bland (notað),"modern, structured",dark woven fabric,"The candidate sofa is in a contrasting dark color and has a more structured look, lacking the relaxed and light tone of the references.",https://bland.is/til-solu/heimilid/stofa/sofa-170x255cm-can-change-other-side-tongue/5291190/,https://img.bland.is/album/img/427317/m/20260929213805_0.jpg,2026-10-07 17:46 UTC
3.0,Sofa lazyboy electric 160x250cm,38000,1,38000,,Bland (notað),modern recliner,fabric upholstery,"The dark color and visible recliner mechanism do not match the light, minimal aesthetic of the references.",https://bland.is/til-solu/heimilid/stofa/sofa-lazyboy-electric-160x250cm/5292962/,https://img.bland.is/album/img/427317/m/20261005221947_0.jpg,2026-10-07 17:46 UTC
3.0,Sofa lazyboy electric 160x250cm,38000,1,38000,,Bland (notað),modern recliner,woven fabric,"The sofa's color is darker than desired and has a visible recliner mechanism, which deviates from the relaxed, plush aesthetic of the references.",https://bland.is/til-solu/heimilid/stofa/sofa-lazyboy-electric-160x250cm/5292931/,https://img.bland.is/album/img/427317/m/20261005210627_0.jpg,2026-10-07 17:46 UTC
3.0,Leðursófi,40000,1,40000,,Bland (notað),"modern, minimal",leather and wood,"The candidate sofa is made of leather and has a wooden frame, which contrasts with the desired soft fabric and hidden or short wooden legs style.",https://bland.is/til-solu/heimilid/stofa/ledursofi/5292844/,https://img.bland.is/album/img/89152/m/20261005170434_0.jpg,2026-10-07 17:46 UTC
3.0,Sofa 160x220x330cm,40000,1,40000,,Bland (notað),"modern, minimalist","woven fabric, possibly synthetic","The candidate sofa does not match the light cream or warm greige aesthetic, and its dark color contrasts with the target style. The legs are visible and metallic, which doesn't align with the desired look.",https://bland.is/til-solu/heimilid/stofa/sofa-160x220x330cm/5290400/,https://img.bland.is/album/img/427317/m/20260927104710_0.jpg,2026-10-07 17:46 UTC
3.0,Sofabed leather 160x250cm,42000,1,42000,,Bland (notað),modern functional,leather,"The candidate sofa is leather and dark grey with visible stitching. It lacks the light, soft, and relaxed aesthetic of the reference images.",https://bland.is/til-solu/heimilid/stofa/sofabed-leather-160x250cm/5292305/,https://img.bland.is/album/img/427317/m/20261004084222_0.jpg,2026-10-07 17:46 UTC
3.0,SKIBBY sófaeining horn/endi sandlituð P013093 / 3620252,42990,1,42990,,JYSK,"boxy, modern",woven fabric,"The candidate sofa's color is close to greige, but it is boxy and lacks the relaxed, plush quality of the reference sofas.",https://jysk.is/stok-vara/SKIBBY-sofaeining-horn-endi-sandlitud/?PathId=308afa23-8d9e-4bb2-8dfa-fb8a3ade083c,https://jysk.is/library/Images/products/P013093.jpg?proc=366x366,2026-10-08 06:47 UTC
3.0,SKEJBY sófaeining horn/endi dökkbrúnn P013082 / 3620301,47990,1,47990,,JYSK,modern blocky,dark woven fabric,"The candidate sofa is a dark color with a very blocky modern design, which differs significantly from the light, soft, and relaxed look desired.",https://jysk.is/stok-vara/SKEJBY-sofaeining-horn-endi-dokkbrunn/?PathId=308afa23-8d9e-4bb2-8dfa-fb8a3ade083c,https://jysk.is/library/Images/products/P013082.jpg?proc=366x366,2026-10-08 06:47 UTC
3.0,Tungusófi úr Ilva,50000,1,50000,,Bland (notað),modern structured,wool blend,"The candidate sofa is a different style with its structured shape and tufted back cushions, a cooler grey fabric, and visible wooden legs that don't align with the desired soft, relaxed aesthetic.",https://bland.is/til-solu/heimilid/stofa/tungusofi-ur-ilva/5292954/,https://img.bland.is/album/img/289743/m/20261005221133_0.jpg,2026-10-07 17:46 UTC
3.0,Söderhamn sófi,50000,1,50000,,Bland (notað),modern angular,dark fabric,"The candidate sofa is dark and angular, with visible legs, which clashes with the light, soft, and relaxed aesthetic desired.",https://bland.is/til-solu/heimilid/stofa/soderhamn-sofi/5291444/,https://img.bland.is/album/img/45134/m/20260930234120_0.jpg,2026-10-07 17:46 UTC
3.0,Sofa ilva 140x200x300cm -,52000,1,52000,,Bland (notað),modern sectional,woven fabric,"The candidate has the L-shape but is a dark tone with visible chrome legs and structured cushions, differing from the light, relaxed aesthetic desired.",https://bland.is/til-solu/heimilid/stofa/sofa-ilva-140x200x300cm-/5290423/,https://img.bland.is/album/img/427317/m/20260927110949_0.jpg,2026-10-07 17:46 UTC
3.0,Sofa ilva 140x200x300cm,54000,1,54000,,Bland (notað),modern casual,woven fabric,"The candidate sofa does not meet the color requirements, being grey, and lacks the soft and rounded appearance of the reference sofas.",https://bland.is/til-solu/heimilid/stofa/sofa-ilva-140x200x300cm/5290426/,https://img.bland.is/album/img/427317/m/20260927111149_0.jpg,2026-10-07 17:46 UTC
3.0,Sofabed 160x200x295cm,55000,1,55000,,Bland (notað),structured modern,woven fabric,"The sofa is structured with straight lines and lacks the plush, relaxed design desired; the color is dark compared to the light, warm tones in the references.",https://bland.is/til-solu/heimilid/stofa/sofabed-160x200x295cm/5291189/,https://img.bland.is/album/img/427317/m/20260929213716_2.jpg,2026-10-07 17:46 UTC
3.0,BALMAR 1 sæta miðjueining græn,55920,1,55920,,ILVA,modern blocky,woven fabric,"The color is dark and not in the cream/off-white range, and the design is rigid rather than relaxed with rounded arms.",https://www.ilva.is/stok-vara/?ProductName=BALMAR-1-saeta-midjueining-graen&PathId=4281ffde-4606-4172-b524-c44ff6c618af,https://www.ilva.is/library/Images/Products/V013336.jpg?proc=366x366,2026-10-07 17:46 UTC
3.0,SKEJBY sófaeining vinstri tungu endi án/bak dökkbrúnn P013083 / 3620304,62990,1,62990,,JYSK,modern minimalist,dark woven fabric,"The dark color and lack of plush, loose back cushions do not align with the target aesthetic.",https://jysk.is/stok-vara/SKEJBY-sofaeining-vinstri-tungu-endi-an-bak-dokkbrunn/?PathId=308afa23-8d9e-4bb2-8dfa-fb8a3ade083c,https://jysk.is/library/Images/products/P013083.jpg?proc=366x366,2026-10-08 06:47 UTC
3.0,Tungusófi frá Dorma,65000,1,65000,,Bland (notað),"modern, simple",dark woven fabric,"The candidate sofa is a simple corner design, but its dark color and fabric differ significantly from the light, soft, and warm tones of the references.",https://bland.is/til-solu/heimilid/stofa/tungusofi-fra-dorma/5292649/,https://img.bland.is/album/img/188388/m/20261004210347_0.jpg,2026-10-07 17:46 UTC
3.0,Sofa Leather 210x290cm,65000,1,65000,,Bland (notað),modern angular,leather,"The sofa is leather, angular, with visible legs, contrasting with the desired soft woven texture, soft lines, and light colors.",https://bland.is/til-solu/heimilid/stofa/sofa-leather-210x290cm/5292318/,https://img.bland.is/album/img/427317/m/20261004091915_0.jpg,2026-10-07 17:46 UTC
3.0,CLEVELAND Sófi 2ja sæta ljósgrár,69930,1,69930,,ILVA,"modern, simple",woven fabric,"The candidate sofa has a more structured design and metal legs, which contrasts with the soft, relaxed look and wooden legs of the reference images.",https://www.ilva.is/stok-vara/?ProductName=CLEVELAND-Sofi-2ja-saeta-ljosgrar&PathId=4281ffde-4606-4172-b524-c44ff6c618af,https://www.ilva.is/library/Images/Products/V002745.jpg?proc=366x366,2026-10-07 17:46 UTC
3.0,SKEJBY sófaeining hægri tungu endi m/bak dökkbrúnn P013081 / 3620303,69990,1,69990,,JYSK,modern blocky,dark woven fabric,"The candidate is a dark color with a blocky design, lacking the light, soft, and relaxed look of the references.",https://jysk.is/stok-vara/SKEJBY-sofaeining-haegri-tungu-endi-m-bak-dokkbrunn/?PathId=308afa23-8d9e-4bb2-8dfa-fb8a3ade083c,https://jysk.is/library/Images/products/P013081.jpg?proc=366x366,2026-10-08 06:47 UTC
3.0,BALMAR 1 sæta eining m/vinstri arm græn,71920,1,71920,,ILVA,modern blocky,dark woven fabric,"The dark color and blocky style differ significantly from the light, relaxed aesthetic of the references.",https://www.ilva.is/stok-vara/?ProductName=BALMAR-1-saeta-eining-m-vinstri-arm-graen&PathId=4281ffde-4606-4172-b524-c44ff6c618af,https://www.ilva.is/library/Images/Products/V013335.jpg?proc=366x366,2026-10-07 17:46 UTC
3.0,BALMAR 1 sæta eining m/hægri arm græn,71920,1,71920,,ILVA,modern blocky,dark woven fabric,"The sofa has a blocky design and dark color that diverges from the light, soft, and relaxed aesthetic of the references.",https://www.ilva.is/stok-vara/?ProductName=BALMAR-1-saeta-eining-m-haegri-arm-graen&PathId=36e020c6-4e5a-476c-bce0-f311c654ed46,https://www.ilva.is/library/Images/Products/V013334.jpg?proc=366x366,2026-10-07 17:46 UTC
3.0,BALMAR 1 sæta eining m/vinstri arm græn,71920,1,71920,,ILVA,"modern, compact",bouclé fabric,The sofa has a modern and compact design but does not match the target aesthetic due to its dark color and lack of the relaxed L-shape with plush cushions.,https://www.ilva.is/stok-vara/?ProductName=BALMAR-1-saeta-eining-m-vinstri-arm-graen&PathId=36e020c6-4e5a-476c-bce0-f311c654ed46,https://www.ilva.is/library/Images/Products/V013335.jpg?proc=366x366,2026-10-07 17:46 UTC
3.0,AUNING sófi 3ja sæta grár P010379 / SK0080,74990,1,74990,,JYSK,"minimal, modern","fabric, wood legs","The candidate sofa lacks the deep, plush look with loose back cushions and has visible wood legs, contrasting with the relaxed, cozy aesthetic of the reference.",https://jysk.is/stok-vara/AUNING-sofi-3ja-saeta-grar/?PathId=f6d7172e-17b7-451c-bff9-8ef08a1d4c2a,https://jysk.is/library/Images/products/P010379.jpg?proc=366x366,2026-10-08 06:47 UTC
3.0,Rodeo sófi,75000,1,75000,,Bland (notað),modern boxy,faux leather,"The sofa is a straight style with simple lines, but the faux leather material and metal legs do not match the desired fabric and wood elements.",https://bland.is/til-solu/heimilid/stofa/rodeo-sofi/5292580/,https://img.bland.is/album/img/268659/m/20261006120543_0.jpg,2026-10-07 17:46 UTC
3.0,Max sófi 3s Rocco grár,77994,1,77994,,Húsgagnahöllin,modern boxy,woven fabric,"The candidate sofa is gray with a boxy and structured design, contrasting the light, soft, relaxed aesthetics of the references.",https://husgagnahollin.is/vara/max-sofi-3s-rocco-grar/,https://husgagnahollin.is/wp-content/uploads/2022/12/Max-sofi-3s-Rocco-grar-6NEV3S00BP.jpg,2026-10-07 17:46 UTC
3.0,AIMEE 2ja sæta eining vinstri taupe,79920,1,79920,,ILVA,"modern, minimalist","woven fabric, possibly corduroy","The colour is too dark and the fabric seems more structured, not matching the light, relaxed aesthetic of the references.",https://www.ilva.is/stok-vara/?ProductName=AIMEE-2ja-saeta-eining-vinstri-taupe&PathId=4281ffde-4606-4172-b524-c44ff6c618af,https://www.ilva.is/library/Images/Products/V012721.jpg?proc=366x366,2026-10-07 17:46 UTC
3.0,AIMEE 2ja sæta eining vinstri taupe,79920,1,79920,,ILVA,modern blocky,woven fabric,"The sofa is blocky with prominent ribbed fabric and a dark color, which contrasts with the light and relaxed style of the reference images.",https://www.ilva.is/stok-vara/?ProductName=AIMEE-2ja-saeta-eining-vinstri-taupe&PathId=36e020c6-4e5a-476c-bce0-f311c654ed46,https://www.ilva.is/library/Images/Products/V012721.jpg?proc=366x366,2026-10-07 17:46 UTC
3.0,LOOM Sófi 2ja sæta off white með krómaðri grind,104930,1,104930,,ILVA,modern compact,fabric with metal frame,"The sofa has a metal base, lacks loose back cushions, and doesn't have the preferred L-shape or chaise, which diverges from the target aesthetic.",https://www.ilva.is/stok-vara/?ProductName=LOOM-Sofi-2ja-saeta-off-white-med-kromadri-grind&PathId=4281ffde-4606-4172-b524-c44ff6c618af,https://www.ilva.is/library/Images/Products/V012582.jpg?proc=366x366,2026-10-07 17:46 UTC
3.0,"MEXICO Sófi 2,5 sæta sandlitaður",119920,1,119920,,ILVA,"modern, simple",woven fabric,"The sofa has simple lines and a neutral color but lacks plush cushions, deep seating, and the soft, rounded look of the references.",https://www.ilva.is/stok-vara/?ProductName=MEXICO-Sofi-2-5-saeta-sandlitadur&PathId=4281ffde-4606-4172-b524-c44ff6c618af,https://www.ilva.is/library/Images/Products/V007242%20-%20Copy%20(21).jpg?proc=366x366,2026-10-07 17:46 UTC
3.0,"MEXICO Sófi 2,5 sæta grænn",119920,1,119920,,ILVA,compact and modern,dark fabric,"The candidate is a darker compact sofa without the relaxed, soft look or color palette of the references.",https://www.ilva.is/stok-vara/?ProductName=MEXICO-Sofi-2-5-saeta-graenn&PathId=4281ffde-4606-4172-b524-c44ff6c618af,https://www.ilva.is/library/Images/Products/V007244%20-%20Copy%20(14).jpg?proc=366x366,2026-10-07 17:46 UTC
3.0,"LARVIK Sófi 2,5 sæta sandlitaður",119920,1,119920,,ILVA,"modern, minimalist",woven fabric,"The sofa in the candidate listing is a straight sofa with a simple, modern design and woven fabric. However, it has exposed metal legs and lacks the relaxed, plush look and warm tone of the reference images.",https://www.ilva.is/stok-vara/?ProductName=LARVIK-Sofi-2-5-saeta-sandlitadur&PathId=4281ffde-4606-4172-b524-c44ff6c618af,https://www.ilva.is/library/Images/Products/V010053.jpg?proc=366x366,2026-10-07 17:46 UTC
3.0,MARRIUS Sófi 2ja sæta brúnn,127920,1,127920,,ILVA,modern minimal,"fabric, dark color","The design is clean and simple, but the color is too dark and lacks the desired L-shape or chaise.",https://www.ilva.is/stok-vara/?ProductName=MARRIUS-Sofi-2ja-saeta-brunn&PathId=4281ffde-4606-4172-b524-c44ff6c618af,https://www.ilva.is/library/Images/Products/V010439.jpg?proc=366x366,2026-10-07 17:46 UTC
3.0,SELMA Sófi 2ja sæta ljósbrúnn,127920,1,127920,,ILVA,rounded compact modern,textured fabric,"The candidate is a straight sofa with rounded edges and a simple design, but it is a darker color and lacks loose back cushions, which is different from the desired look.",https://www.ilva.is/stok-vara/?ProductName=SELMA-Sofi-2ja-saeta-ljosbrunn&PathId=4281ffde-4606-4172-b524-c44ff6c618af,https://www.ilva.is/library/Images/Products/V002093%20-%20Copy%20(1).jpg?proc=366x366,2026-10-07 17:46 UTC
3.0,SCOTT Sófi 2ja sæta stone,135920,1,135920,,ILVA,modern sleek,leather or faux leather,"The candidate sofa is dark and made of leather with metal legs, which does not fit the light, relaxed, and cozy style of the reference images.",https://www.ilva.is/stok-vara/?ProductName=SCOTT-Sofi-2ja-saeta-stone&PathId=4281ffde-4606-4172-b524-c44ff6c618af,https://www.ilva.is/library/Images/Products/V005559.jpg?proc=366x366,2026-10-07 17:46 UTC
3.0,BERGEN sófi 3ja sæta leðurblanda P010267 / SK0,139990,1,139990,,JYSK,"modern, structured",leather blend,"The sofa is structured with leather material, which does not match the soft, fabric look and relaxed style of the reference.",https://jysk.is/stok-vara/BERGEN-sofi-3ja-saeta-ledurblanda/?PathId=f6d7172e-17b7-451c-bff9-8ef08a1d4c2a,https://jysk.is/library/Images/products/P010267.jpg?proc=366x366,2026-10-08 06:47 UTC
3.0,BALMAR 2ja sæta sófi grænn,143840,1,143840,,ILVA,modern blocky,woven fabric,"The sofa is dark and has a blocky, modern look that lacks the softness and light colors of the references.",https://www.ilva.is/stok-vara/?ProductName=BALMAR-2ja-saeta-sofi-graenn&PathId=4281ffde-4606-4172-b524-c44ff6c618af,https://www.ilva.is/library/Images/Products/V013463.jpg?proc=366x366,2026-10-07 17:46 UTC
3.0,"SPRINGFIELD Sófi 2,5 sæta stone",143920,1,143920,,ILVA,"modern, minimal",synthetic fabric,The candidate sofa has clean and simple lines but doesn't match the desired light color or have the relaxed design and plush cushions of the references.,https://www.ilva.is/stok-vara/?ProductName=SPRINGFIELD-Sofi-2-5-saeta-stone&PathId=4281ffde-4606-4172-b524-c44ff6c618af,https://www.ilva.is/library/Images/Products/V006313.jpg?proc=366x366,2026-10-07 17:46 UTC
3.0,"SPRINGFIELD Sófi 2,5 sæta earth",143920,1,143920,,ILVA,modern minimal,dark woven fabric,The sofa has simple lines but lacks the desired light and warm color palette and features metal legs.,https://www.ilva.is/stok-vara/?ProductName=SPRINGFIELD-Sofi-2-5-saeta-earth&PathId=4281ffde-4606-4172-b524-c44ff6c618af,https://www.ilva.is/library/Images/Products/V006316.jpg?proc=366x366,2026-10-07 17:46 UTC
3.0,"Aspen sófi 2,5s Kentucky 1 antrazit",147992,1,147992,,Húsgagnahöllin,modern minimal,leather-like fabric,"The sofa is dark with a leather-like appearance, clean lines, and exposed metal legs, which contrasts with the light, soft, and cozy aesthetic of the reference.",https://husgagnahollin.is/vara/aspen-sofi-25s-kentucky-1-antrazit/,https://husgagnahollin.is/wp-content/uploads/2023/04/Aspen-sofi-25s-Kentucky-1-antrazit-SOF307992.jpg,2026-10-07 17:46 UTC
3.0,CLEVELAND Tungusófi hægri dökkgrár,149900,1,149900,,ILVA,modern and simple,woven fabric,The dark grey color and visible metal legs do not match the light and warm style needed.,https://www.ilva.is/stok-vara/?ProductName=CLEVELAND-Tungusofi-haegri-dokkgrar&PathId=1fc7d092-ce9e-11ef-81b7-8f3b82297126,https://www.ilva.is/library/Images/Products/V002773.jpg?proc=366x366,2026-10-07 17:46 UTC
3.0,SPRINGFIELD Sófi 3ja sæta earth,151920,1,151920,,ILVA,"modern, minimalist",synthetic leather,"The candidate is a dark, minimalist sofa with synthetic leather, straight edges, and visible metal legs, which is opposite to the warm, soft, and light fabric style desired.",https://www.ilva.is/stok-vara/?ProductName=SPRINGFIELD-Sofi-3ja-saeta-earth&PathId=4281ffde-4606-4172-b524-c44ff6c618af,https://www.ilva.is/library/Images/Products/V006315.jpg?proc=366x366,2026-10-07 17:46 UTC
3.0,SCOTT Sófi 3ja sæta stone,151920,1,151920,,ILVA,modern minimalist,faux leather,"The candidate sofa has a dark color, straight lines, and visible legs, which contrasts with the light, soft, and relaxed look described in the target aesthetic.",https://www.ilva.is/stok-vara/?ProductName=SCOTT-Sofi-3ja-saeta-stone&PathId=4281ffde-4606-4172-b524-c44ff6c618af,https://www.ilva.is/library/Images/Products/V005562.jpg?proc=366x366,2026-10-07 17:46 UTC
3.0,SCOTT Sófi 3ja sæta earth,151920,1,151920,,ILVA,modern minimalist,leather-like dark fabric,"The candidate is a straight sofa with clean lines but has dark color and firm structure, lacking the desired light color and softness.",https://www.ilva.is/stok-vara/?ProductName=SCOTT-Sofi-3ja-saeta-earth&PathId=4281ffde-4606-4172-b524-c44ff6c618af,https://www.ilva.is/library/Images/Products/V005564.jpg?proc=366x366,2026-10-07 17:46 UTC
3.0,Cayla svefnsófi Bouclé Ochre,157493,1,157493,,Húsgagnahöllin,modern minimalist,woven fabric in ochre,The candidate sofa is minimalist but does not match the warm greige target color or L-shaped design.,https://husgagnahollin.is/vara/cayla-svefnsofi-boucle-ochre/,https://husgagnahollin.is/wp-content/uploads/2025/07/Cayla-svefnsofi-Boucle-Ochre-1.jpg,2026-10-07 17:46 UTC
3.0,SKEJBY tungusófi lítill hægri tunga opin endi dökk brúnn P013084 / S001,159990,1,159990,,JYSK,modern blocky,dark woven fabric,"The sofa is an L-shaped corner sofa but the dark color and blocky design do not match the reference's light, soft, and relaxed aesthetic.",https://jysk.is/stok-vara/SKEJBY-tungusofi-litill-haegri-tunga-opin-endi-dokk-brunn/?PathId=daa6be5b-5fc6-4c03-a44a-6267f53d68a8,https://jysk.is/library/Images/products/P013084.jpg?proc=366x366,2026-10-08 06:47 UTC
3.0,SKEJBY sófi 3ja sæta dökk brúnn P013088 / S001,159990,1,159990,,JYSK,modern blocky,dark woven fabric,The candidate sofa's dark color and blocky design contrast with the light and relaxed style of the references.,https://jysk.is/stok-vara/SKEJBY-sofi-3ja-saeta-dokk-brunn/?PathId=308afa23-8d9e-4bb2-8dfa-fb8a3ade083c,https://jysk.is/library/Images/products/P013088.jpg?proc=366x366,2026-10-08 06:47 UTC
3.0,Bora sófi 3s Glory grænn,164993,1,164993,,Húsgagnahöllin,modern rounded,woven fabric,"The sofa has a modern rounded design but is in a darker green color, lacking the light and airy aesthetic of the reference images.",https://husgagnahollin.is/vara/bora-sofi-3s-glory-graenn/,https://husgagnahollin.is/wp-content/uploads/2026/08/S16853G48312A-Bora-sofi-3s-Glory-graenn-1.webp,2026-10-07 17:46 UTC
3.0,Aspen sófi 3s Kentucky 1 antrazit,167992,1,167992,,Húsgagnahöllin,modern sleek,leather-look fabric,"The candidate sofa is a dark leather-like material with sleek design, contrasting with the desired warm, soft, and plush aesthetic.",https://husgagnahollin.is/vara/aspen-sofi-3s-kentucky-1-antrazit/,https://husgagnahollin.is/wp-content/uploads/2023/04/Aspen-sofi-3s-Kentucky-1-antrazit-SOF307989.jpeg,2026-10-07 17:46 UTC
3.0,CANTON Tungusófi hægri taupe með 16 cm keilulaga svörtum viðarfótum,169900,1,169900,,ILVA,"modern, angular",woven fabric,"The candidate sofa is too dark and has sharp lines, lacking the relaxed, light, and plush look desired.",https://www.ilva.is/stok-vara/?ProductName=CANTON-Tungusofi-haegri-taupe-med-16-cm-keilulaga-svortum-vidarfotum&PathId=1fc7d092-ce9e-11ef-81b7-8f3b82297126,https://www.ilva.is/library/Images/Products/V014343.jpg?proc=366x366,2026-10-07 17:46 UTC
3.0,CANTON Tungusófi vinstri taupe með 16cm keilulaga eikarfótum,169900,1,169900,,ILVA,"modern, structured",woven fabric,"The sofa is L-shaped with wooden legs but is too dark and structured compared to the relaxed, light aesthetic of the references.",https://www.ilva.is/stok-vara/?ProductName=CANTON-Tungusofi-vinstri-taupe-med-16cm-keilulaga-eikarfotum&PathId=1fc7d092-ce9e-11ef-81b7-8f3b82297126,https://www.ilva.is/library/Images/Products/V014340.jpg?proc=366x366,2026-10-07 17:46 UTC
3.0,Pinto sófi 2s Kentucky 01 antrazit,175992,1,175992,,Húsgagnahöllin,modern minimalist,faux leather,"The candidate sofa is dark faux leather with metal legs and lacks the relaxed, soft look and color found in the references.",https://husgagnahollin.is/vara/pinto-sofi-2s-kentucky-01-antrazit/,https://husgagnahollin.is/wp-content/uploads/2026/01/PINTO-SoFI-2S-KENTUCKY-antrasit-1.webp,2026-10-07 17:46 UTC
3.0,Pinto sófi 2s Kentucky Stone,175992,1,175992,,Húsgagnahöllin,"modern, structured","fabric, leather-like","The candidate sofa is a structured style with visible metal legs and a leather-like appearance, which differs from the relaxed, fabric-centric aesthetic of the reference images.",https://husgagnahollin.is/vara/pinto-sofi-2s-kentucky-stone/,https://husgagnahollin.is/wp-content/uploads/2019/10/Pinto-sofi-2s-Kentucky-Stone.jpg,2026-10-07 17:46 UTC
3.0,YSTAD sófi 3ja sæta grár leðurblanda P012467 / SK0,189990,1,189990,,JYSK,modern minimalist,leather blend,"The sofa is a straight design in leather, with visible metal legs and lacks the soft, woven fabric and plush look of the reference images.",https://jysk.is/stok-vara/YSTAD-sofi-3ja-saeta-grar-ledurblanda/?PathId=f6d7172e-17b7-451c-bff9-8ef08a1d4c2a,https://jysk.is/library/Images/products/P012467.jpg?proc=366x366,2026-10-08 06:47 UTC
3.0,VINSÆL ESBJERG tungusófi vinstri grár leðurblanda P009681 / SK0,189990,1,189990,,JYSK,modern minimal,leather blend,The materials and color do not align with the light and soft fabric aesthetic; it lacks the desired plush and relaxed look.,https://jysk.is/stok-vara/ESBJERG-tungusofi-vinstri-grar-ledurblanda/?PathId=daa6be5b-5fc6-4c03-a44a-6267f53d68a8,https://jysk.is/library/Images/products/P009681.jpg?proc=366x366,2026-10-08 06:47 UTC
3.0,SKEJBY tungusófi hægri dökk brúnn P013086 / S001,189990,1,189990,,JYSK,modern and blocky,dark woven fabric,"The dark colour and blocky design with visible segmentation do not align with the light, relaxed, and seamless look of the reference.",https://jysk.is/stok-vara/SKEJBY-tungusofi-haegri-dokk-brunn/?PathId=daa6be5b-5fc6-4c03-a44a-6267f53d68a8,https://jysk.is/library/Images/products/P013086.jpg?proc=366x366,2026-10-08 06:47 UTC
3.0,SKEJBY tungusófi hægri dökk brúnn P013086 / S001,189990,1,189990,,JYSK,modern modular,dark fabric,"The candidate sofa is dark and modern, lacking the light warmth and fabric texture of the reference images.",https://jysk.is/stok-vara/SKEJBY-tungusofi-haegri-dokk-brunn/?PathId=308afa23-8d9e-4bb2-8dfa-fb8a3ade083c,https://jysk.is/library/Images/products/P013086.jpg?proc=366x366,2026-10-08 06:47 UTC
3.0,AIMEE Tungusófi vinstri taupe með miðjueiningu,199760,1,199760,,ILVA,"modern, boxy",woven fabric,"The sofa is a dark color which does not match the light aesthetic, and its design is more boxy with no visible wooden legs or soft rounded arms, unlike the references.",https://www.ilva.is/stok-vara/?ProductName=AIMEE-Tungusofi-vinstri-taupe-med-midjueiningu&PathId=1fc7d092-ce9e-11ef-81b7-8f3b82297126,https://www.ilva.is/library/Images/Products/V011415.jpg?proc=366x366,2026-10-07 17:46 UTC
3.0,CLEVELAND Hornsófi hægri dökkgrár,199900,1,199900,,ILVA,modern dark,woven fabric,"The candidate sofa is dark in color with metal legs, which contrasts with the light and warm tones and wooden elements of the reference images.",https://www.ilva.is/stok-vara/?ProductName=CLEVELAND-Hornsofi-haegri-dokkgrar&PathId=1fc7d092-ce9e-11ef-81b7-8f3b82297126,https://www.ilva.is/library/Images/Products/V008999.jpg?proc=366x366,2026-10-07 17:46 UTC
3.0,INGVI Tungusófi vinstri súkkulaðibrúnn,199920,1,199920,,ILVA,modern blocky sofa,"fabric, dark brown","The dark color and blocky design differ from the light, relaxed, and soft aesthetic in the references.",https://www.ilva.is/stok-vara/?ProductName=INGVI-Tungusofi-vinstri-sukkuladibrunn&PathId=1fc7d092-ce9e-11ef-81b7-8f3b82297126,https://www.ilva.is/library/Images/Products/V010404.jpg?proc=366x366,2026-10-07 17:46 UTC
3.0,BERGEN tungusófi hægri leðurblanda P010268 / SK0,199990,1,199990,,JYSK,modern angular,leather blend,The leather blend material and color are too dark and the shape is too angular compared to the soft and light textiles in the references.,https://jysk.is/stok-vara/BERGEN-tungusofi-haegri-ledurblanda/?PathId=daa6be5b-5fc6-4c03-a44a-6267f53d68a8,https://jysk.is/library/Images/products/P010268.jpg?proc=366x366,2026-10-08 06:47 UTC
3.0,BERGEN tungusófi vinstri leðurblanda P010269 / SK0,199990,1,199990,,JYSK,modern angular,leather blend,"The sofa's leather blend material, color, and angular design do not match the soft, light, and relaxed aesthetic of the references.",https://jysk.is/stok-vara/BERGEN-tungusofi-vinstri-ledurblanda/?PathId=daa6be5b-5fc6-4c03-a44a-6267f53d68a8,https://jysk.is/library/Images/products/P010269.jpg?proc=366x366,2026-10-08 06:47 UTC
3.0,Friday tungusófi (A) Mito Hunter Sb,199992,1,199992,,Húsgagnahöllin,modern,woven fabric,"The sofa has a modern style and woven fabric but is a darker color and has visible metal legs, which do not match the light, warm, and wooden aesthetic desired.",https://husgagnahollin.is/vara/friday-tungusofi-a-mito-hunter-sb/,https://husgagnahollin.is/wp-content/uploads/2026/07/123111430006-Friday-tungusofi-A-Mito-Hunter-Sb-1.webp,2026-10-07 17:46 UTC
3.0,MEXICO Tungusófi hægri grænn,207920,1,207920,,ILVA,"modern, angular",dark woven fabric,"The sofa is dark and angular with visible legs, which contrasts with the light, soft, and rounded style of the reference images.",https://www.ilva.is/stok-vara/?ProductName=MEXICO-Tungusofi-haegri-graenn&PathId=1fc7d092-ce9e-11ef-81b7-8f3b82297126,https://www.ilva.is/library/Images/Products/V007224.jpg?proc=366x366,2026-10-07 17:46 UTC
3.0,SKEJBY tungusófi stór hægri tunga opin endi dökk brúnn P013087 / S001,209990,1,209990,,JYSK,modern blocky,dark fabric,"The candidate sofa is dark colored and has a blocky, modern design, which contrasts with the light and soft appearance of the reference images.",https://jysk.is/stok-vara/SKEJBY-tungusofi-stor-haegri-tunga-opin-endi-dokk-brunn/?PathId=308afa23-8d9e-4bb2-8dfa-fb8a3ade083c,https://jysk.is/library/Images/products/P013087.jpg?proc=366x366,2026-10-08 06:47 UTC
3.0,Columbia sófi m/vinstri hvíld Caso 162 grænn,209994,1,209994,,Húsgagnahöllin,modern blocky,dark fabric,"The sofa is a dark color with a modern, blocky design that contrasts with the light, relaxed aesthetic of the references.",https://husgagnahollin.is/vara/columbia-hvildarsofi-vinstri-caso-162-graenn/,https://husgagnahollin.is/wp-content/uploads/2025/08/H000025126-Columbia-hvildarsofi-haegri-Caso-162-graenn-1.webp,2026-10-07 17:46 UTC
3.0,Friday tungusófi (E) hægri Craft brúnn Bb,215992,1,215992,,Húsgagnahöllin,"modern, angular",leather or leather-like,"The candidate sofa is leather, dark brown, with angular lines and visible legs, contrasting with the soft, light, and relaxed style desired.",https://husgagnahollin.is/vara/friday-tungusofi-e-haegri-craft-brunn/,https://husgagnahollin.is/wp-content/uploads/2026/04/Friday-tungusofi-E-haegri-Craft-brunn-123067026907-2.png,2026-10-07 17:46 UTC
3.0,Bob sófi 3s City 54 rauður,215992,1,215992,,Húsgagnahöllin,"rectangular, tufted",woven fabric,"The candidate sofa has a woven fabric, but the dark red color and tufted design do not match the light and relaxed aesthetic.",https://husgagnahollin.is/vara/bob-sofi-3s-city-54-raudur/,https://husgagnahollin.is/wp-content/uploads/2024/03/Bob-3s-sofi-raudu-City-54-SOF309198.webp,2026-10-07 17:46 UTC
3.0,LARVIK Hornsófi vinstri grænn,223920,1,223920,,ILVA,"modern, modular",dark woven fabric,"The sofa is a dark color with visible legs, contrasting with the light and soft appearance of the reference sofas.",https://www.ilva.is/stok-vara/?ProductName=LARVIK-Hornsofi-vinstri-graenn&PathId=1fc7d092-ce9e-11ef-81b7-8f3b82297126,https://www.ilva.is/library/Images/Products/V014293.jpg?proc=366x366,2026-10-07 17:46 UTC
3.0,LARVIK Hornsófi hægri grænn,223920,1,223920,,ILVA,modern sectional,dark woven fabric,"The materials and color do not match the light, warm tones desired, and the legs are visible and metal, contrasting with the target aesthetic.",https://www.ilva.is/stok-vara/?ProductName=LARVIK-Hornsofi-haegri-graenn&PathId=1fc7d092-ce9e-11ef-81b7-8f3b82297126,https://www.ilva.is/library/Images/Products/V014294.jpg?proc=366x366,2026-10-07 17:46 UTC
3.0,SPRINGFIELD Tungusófi hægri earth,239920,1,239920,,ILVA,"modern, minimalist","fabric, metal legs","The sofa is a dark color with metal legs, contrasting the light, warm, relaxed style sought.",https://www.ilva.is/stok-vara/?ProductName=SPRINGFIELD-Tungusofi-haegri-earth&PathId=1fc7d092-ce9e-11ef-81b7-8f3b82297126,https://www.ilva.is/library/Images/Products/V008959.jpg?proc=366x366,2026-10-07 17:46 UTC
3.0,SPRINGFIELD Tungusófi vinstri koníaksbrúnn,239920,1,239920,,ILVA,modern angular,leather-look,"The candidate sofa is leather-like and angular with visible legs, contrasting with the soft fabric, rounded, and low design of the references.",https://www.ilva.is/stok-vara/?ProductName=SPRINGFIELD-Tungusofi-vinstri-koniaksbrunn&PathId=1fc7d092-ce9e-11ef-81b7-8f3b82297126,https://www.ilva.is/library/Images/Products/V007270.jpg?proc=366x366,2026-10-07 17:46 UTC
3.0,SPRINGFIELD Tungusófi hægri koníaksbrúnn,239920,1,239920,,ILVA,modern angular,leather,"The candidate sofa is made of leather in a dark color with metal legs, which does not match the light fabric and wood aesthetic of the reference images.",https://www.ilva.is/stok-vara/?ProductName=SPRINGFIELD-Tungusofi-haegri-koniaksbrunn&PathId=1fc7d092-ce9e-11ef-81b7-8f3b82297126,https://www.ilva.is/library/Images/Products/V007269.jpg?proc=366x366,2026-10-07 17:46 UTC
3.0,SPRINGFIELD Tungusófi vinstri earth,239920,1,239920,,ILVA,modern minimalist,dark fabric,"The sofa's dark fabric and sleek metal legs do not match the light, cozy aesthetic and natural materials preferred.",https://www.ilva.is/stok-vara/?ProductName=SPRINGFIELD-Tungusofi-vinstri-earth&PathId=1fc7d092-ce9e-11ef-81b7-8f3b82297126,https://www.ilva.is/library/Images/Products/V008960.png?proc=366x366,2026-10-07 17:46 UTC
3.0,SPRINGFIELD Tungusófi vinstri stone,239920,1,239920,,ILVA,modern minimalist,"fabric, metal legs","The candidate sofa is a modern L-shaped design but features metal legs and a darker color, deviating from the light, warm-toned, relaxed aesthetic of the reference images.",https://www.ilva.is/stok-vara/?ProductName=SPRINGFIELD-Tungusofi-vinstri-stone&PathId=1fc7d092-ce9e-11ef-81b7-8f3b82297126,https://www.ilva.is/library/Images/Products/V008952.png?proc=366x366,2026-10-07 17:46 UTC
3.0,Aspen tungusófi hægri Kentucky 1 antrazit,239992,1,239992,,Húsgagnahöllin,modern minimal,synthetic leather,"The color and material do not match the desired light cream or linen look, and the sleek form is not as relaxed or plush as the reference.",https://husgagnahollin.is/vara/aspen-tungusofi-haegri-kentucky-1-antrazit/,https://husgagnahollin.is/wp-content/uploads/2023/05/Aspen-tungusofi-haegri-Kentucky-1-antrazit-KSO016644.jpg,2026-10-07 17:46 UTC
3.0,Aspen tungusófi vinstri Kentucky 1 antrazit,239992,1,239992,,Húsgagnahöllin,modern angular,leather-like fabric,"The color is too dark and the fabric has a leather-like appearance, differing from the desired light, soft, woven look.",https://husgagnahollin.is/vara/aspen-tungusofi-vinstri-kentucky-1-antrazit/,https://husgagnahollin.is/wp-content/uploads/2023/05/Aspen-tungusofi-vinstri-Kentucky-1-antrazit-KSO016645.jpg,2026-10-07 17:46 UTC
3.0,Aspen tungusófi hægri Kentucky koníak,239992,1,239992,,Húsgagnahöllin,modern and sleek,leather,"The sofa is leather and lacks the relaxed, soft look of the reference images, with visible legs and a more structured design.",https://husgagnahollin.is/vara/aspen-tungusofi-haegri-kentucky-koniak/,https://husgagnahollin.is/wp-content/uploads/2022/05/Aspen-tungusofi-tungusofar-sofi-sofar-KSO014584.jpg,2026-10-07 17:46 UTC
3.0,Viborg sófi 3s Dollaro leður/split cognac,244993,1,244993,,Húsgagnahöllin,modern leather sofa,leather/split,"The candidate is leather in cognac color, contrary to the light fabric look desired, and has short wooden legs visible, which doesn't align with the hidden or minimal leg preference.",https://husgagnahollin.is/vara/viborg-sofi-3s-dollaro-ledur-split-cognac/,https://husgagnahollin.is/wp-content/uploads/2025/12/Viborg-sofi-3s-Dollaro-ledur-split-cognac-34453DSC-1-copy.webp,2026-10-07 17:46 UTC
3.0,CLEVELAND Horntungusófi vinstri tunga dökkgrár,249900,1,249900,,ILVA,modern structured,woven fabric,"The sofa is dark and structured with visible metal legs, which does not match the light, relaxed, and soft aesthetic of the references.",https://www.ilva.is/stok-vara/?ProductName=CLEVELAND-Horntungusofi-vinstri-tunga-dokkgrar&PathId=1fc7d092-ce9e-11ef-81b7-8f3b82297126,https://www.ilva.is/library/Images/Products/V002762.jpg?proc=366x366,2026-10-07 17:46 UTC
3.0,CLEVELAND Horntungusófi hægri tunga dökkgrár,249900,1,249900,,ILVA,modern minimal,"dark fabric, metal legs","The sofa is dark with metal legs, contrasting with the light, warm, and soft feel desired.",https://www.ilva.is/stok-vara/?ProductName=CLEVELAND-Horntungusofi-haegri-tunga-dokkgrar&PathId=1fc7d092-ce9e-11ef-81b7-8f3b82297126,https://www.ilva.is/library/Images/Products/V002766.jpg?proc=366x366,2026-10-07 17:46 UTC
3.0,Sófaeining CATENA OPEN R L301 Hot M brún,267700,1,267700,,Epal,modular contemporary,dark woven fabric,"The candidate sofa's dark color and lack of visible legs do not align with the light, airy aesthetic and hidden wooden legs of the references.",https://www.epal.is/products/sofaeining-catena-open-r-l301-hot-m-brun,https://cdn.shopify.com/s/files/1/0817/4167/6800/files/35e9feee-1b0b-4895-999d-2e063679ec35.jpg?v=1771259702,2026-10-07 17:46 UTC
3.0,VINSÆL BODEN tungusófi hægri dökkgrár P008947 / H000023,269990,1,269990,,JYSK,"modern, structured",dark woven fabric,"The sofa is dark and structured with visible metal legs, which differs from the light, soft, and relaxed aesthetic of the references.",https://jysk.is/stok-vara/BODEN-tungusofi-haegri-dokkgrar/?PathId=daa6be5b-5fc6-4c03-a44a-6267f53d68a8,https://jysk.is/library/Images/products/P008947.Jpg?proc=366x366,2026-10-08 06:47 UTC
3.0,VINSÆL BODEN tungusófi vinstri grábrúnn P008946 / H000024,269990,1,269990,,JYSK,"modern, structured",woven fabric,"The candidate sofa is dark grey and structured with metal legs, contrasting with the light, relaxed look and wooden legs preferred.",https://jysk.is/stok-vara/BODEN-tungusofi-vinstri-grabrunn/?PathId=daa6be5b-5fc6-4c03-a44a-6267f53d68a8,https://jysk.is/library/Images/products/P008946.Jpg?proc=366x366,2026-10-08 06:47 UTC
3.0,VINSÆL BODEN tungusófi vinstri dökkgrár P008948 / H000023,269990,1,269990,,JYSK,modern structured,dark woven fabric,"The candidate sofa is dark, structured with metal legs, and lacks the relaxed, light aesthetic of the reference images.",https://jysk.is/stok-vara/BODEN-tungusofi-vinstri-dokkgrar/?PathId=daa6be5b-5fc6-4c03-a44a-6267f53d68a8,https://jysk.is/library/Images/products/P008948.Jpg?proc=366x366,2026-10-08 06:47 UTC
3.0,VINSÆL OSLO tungusófi hægri brúnn leðurblanda P010051 / SK0,269990,1,269990,,JYSK,"modern, angular",leather blend,"The sofa is leather with an angular design, contrasting the desired soft fabric and rounded, plush style.",https://jysk.is/stok-vara/OSLO-tungusofi-haegri-brunn-ledurblanda/?PathId=daa6be5b-5fc6-4c03-a44a-6267f53d68a8,https://jysk.is/library/Images/products/P010051.jpg?proc=366x366,2026-10-08 06:47 UTC
3.0,VINSÆL BODEN tungusófi hægri grábrúnn P008945 / H000023,269990,1,269990,,JYSK,"modern, structured","fabric, metal legs","The candidate sofa is structured with metal legs and a darker grey tone, contrasting with the relaxed, warm, and light aesthetic of the references.",https://jysk.is/stok-vara/BODEN-tungusofi-haegri-grabrunn/?PathId=daa6be5b-5fc6-4c03-a44a-6267f53d68a8,https://jysk.is/library/Images/products/P008945.Jpg?proc=366x366,2026-10-08 06:47 UTC
3.0,SKEJBY hornsófi dökk brúnn P013090 / S001,269990,1,269990,,JYSK,"modular, bulky",dark woven fabric,"The candidate sofa's dark color and bulky modular style do not align with the light, relaxed aesthetic of the references.",https://jysk.is/stok-vara/SKEJBY-hornsofi-dokk-brunn/?PathId=308afa23-8d9e-4bb2-8dfa-fb8a3ade083c,https://jysk.is/library/Images/products/P013090.jpg?proc=366x366,2026-10-08 06:47 UTC
3.0,SCOTT Hornsófi hægri koníaksbrúnn,271920,1,271920,,ILVA,"modern, angular",leather,"The sofa is leather and angular, which contrasts with the soft, fabric, and rounded design of the references.",https://www.ilva.is/stok-vara/?ProductName=SCOTT-Hornsofi-haegri-koniaksbrunn&PathId=1fc7d092-ce9e-11ef-81b7-8f3b82297126,https://www.ilva.is/library/Images/Products/V000519.jpg?proc=366x366,2026-10-07 17:46 UTC
3.0,SCOTT Hornsófi vinstri koníaksbrúnn,271920,1,271920,,ILVA,modern angular,leather,"The candidate is a leather sofa with an angular design and visible legs, which contrasts with the soft, fabric, and rounded style desired.",https://www.ilva.is/stok-vara/?ProductName=SCOTT-Hornsofi-vinstri-koniaksbrunn&PathId=1fc7d092-ce9e-11ef-81b7-8f3b82297126,https://www.ilva.is/library/Images/Products/V000513.jpg?proc=366x366,2026-10-07 17:46 UTC
3.0,SCOTT Hornsófi hægri earth,271920,1,271920,,ILVA,modern angular,dark fabric,"The candidate sofa is dark and angular with visible legs, lacking the light and soft aesthetic desired.",https://www.ilva.is/stok-vara/?ProductName=SCOTT-Hornsofi-haegri-earth&PathId=1fc7d092-ce9e-11ef-81b7-8f3b82297126,https://www.ilva.is/library/Images/Products/V005556.jpg?proc=366x366,2026-10-07 17:46 UTC
3.0,SCOTT Hornsófi vinstri stone,271920,1,271920,,ILVA,modern minimalist,faux leather,"The candidate sofa has straight lines and a low profile but is made of faux leather with metal legs, which contrasts with the desired fabric and wood aesthetic.",https://www.ilva.is/stok-vara/?ProductName=SCOTT-Hornsofi-vinstri-stone&PathId=1fc7d092-ce9e-11ef-81b7-8f3b82297126,https://www.ilva.is/library/Images/Products/V000512.jpg?proc=366x366,2026-10-07 17:46 UTC
3.0,SCOTT Tungusófi vinstri earth,271920,1,271920,,ILVA,"modern, sleek",synthetic leather,"The candidate lacks the light, soft fabric and relaxed design of the references, with a darker color and sharper lines instead.",https://www.ilva.is/stok-vara/?ProductName=SCOTT-Tungusofi-vinstri-earth&PathId=1fc7d092-ce9e-11ef-81b7-8f3b82297126,https://www.ilva.is/library/Images/Products/V007263.jpg?proc=366x366,2026-10-07 17:46 UTC
3.0,SCOTT Tungusófi hægri earth,271920,1,271920,,ILVA,modern minimalist,dark woven fabric,"The color and fabric are too dark and structured compared to the light, soft textures of the reference sofas.",https://www.ilva.is/stok-vara/?ProductName=SCOTT-Tungusofi-haegri-earth&PathId=1fc7d092-ce9e-11ef-81b7-8f3b82297126,https://www.ilva.is/library/Images/Products/V007267.png?proc=366x366,2026-10-07 17:46 UTC
3.0,SCOTT Tungusófi hægri stone,271920,1,271920,,ILVA,modern minimalist,faux leather,"The candidate sofa has a modern minimalist design with clean lines, but the faux leather material and dark color do not fit the light, fabric-based, and warm-toned aesthetic of the references.",https://www.ilva.is/stok-vara/?ProductName=SCOTT-Tungusofi-haegri-stone&PathId=1fc7d092-ce9e-11ef-81b7-8f3b82297126,https://www.ilva.is/library/Images/Products/V007266.png?proc=366x366,2026-10-07 17:46 UTC
3.0,SCOTT Tungusófi vinstri koníaksbrúnn,271920,1,271920,,ILVA,"modern, angular",leather,"The sofa is leather with angular lines, contrasting the desired soft, woven look and rounded style.",https://www.ilva.is/stok-vara/?ProductName=SCOTT-Tungusofi-vinstri-koniaksbrunn&PathId=1fc7d092-ce9e-11ef-81b7-8f3b82297126,https://www.ilva.is/library/Images/Products/V007264.png?proc=366x366,2026-10-07 17:46 UTC
3.0,Aspen hornsófi vinstri Kentucky 10 brúnn,271992,1,271992,,Húsgagnahöllin,modern angular,faux leather,"The color and material do not match the desired aesthetic, which specifies a light fabric. The sofa's modern angular lines and visible metal legs also contrast with the desired soft, relaxed look.",https://husgagnahollin.is/vara/aspen-hornsofi-vinstri-kentucky-brunn-10/,https://husgagnahollin.is/wp-content/uploads/2026/03/KSO022661-Aspen-hornsofi-vinstri-Kentucky-brunn-10-1.webp,2026-10-07 17:46 UTC
3.0,Pinto tungusófi vinstri Kentucky 01 antrazit,271992,1,271992,,Húsgagnahöllin,modern angular,dark woven fabric,"The color and materials are too dark and structured, deviating from the light, soft aesthetic desired.",https://husgagnahollin.is/vara/pinto-tungusofi-vinstri-kentucky-01-antrazit/,https://husgagnahollin.is/wp-content/uploads/2025/09/Pinto-tungusofi-Kentucky-antrazit-01-1.webp,2026-10-07 17:46 UTC
3.0,Aspen hornsófi hægri Kentucky 1 antrazit,271992,1,271992,,Húsgagnahöllin,modern and angular,leather-like fabric,"The sofa is an L-shaped corner but has a leather-like fabric, straight lines, and visible metal legs, which do not match the desired soft rounded, and warm fabric aesthetic.",https://husgagnahollin.is/vara/aspen-hornsofi-haegri-kentucky-1-antrazit/,https://husgagnahollin.is/wp-content/uploads/2023/05/Aspen-hornsofi-haegri-Kentucky-1-antrazit-KSO015974.jpg,2026-10-07 17:46 UTC
3.0,Aspen hornsófi vinstri Kentucky koníak,271992,1,271992,,Húsgagnahöllin,modern angular,leather,"The sofa is leather and dark brown, which contrasts with the desired light fabric look, and it features angular lines and visible metal legs, differing from the soft, rounded style preferred.",https://husgagnahollin.is/vara/aspen-hornsofi-vinstri-kentucky-koniak/,https://husgagnahollin.is/wp-content/uploads/2022/05/Aspen-hornsofi-hornsofar-sofi-sofar-KSO014583.jpg,2026-10-07 17:46 UTC
3.0,VINSÆL ESBJERG hornsófi opinn-endi vinstri grár leðurblanda P009683 / SK0,279990,1,279990,,JYSK,"modern, sleek",leather blend,"The candidate sofa is a modern L-shaped design but has a leather-like material and sleek lines that do not match the soft, woven, and relaxed look of the references.",https://jysk.is/stok-vara/ESBJERG-hornsofi-opinn-endi-vinstri-grar-ledurblanda/?PathId=daa6be5b-5fc6-4c03-a44a-6267f53d68a8,https://jysk.is/library/Images/products/P009683.jpg?proc=366x366,2026-10-08 06:47 UTC
3.0,BERGEN hornsófi opinn-endi vinstri leðurblanda P010271 / SK0,279990,1,279990,,JYSK,modern angular,leather blend,"The color and material do not match the light, woven aesthetic; it has leather and visible legs, contrasting with the desired relaxed look.",https://jysk.is/stok-vara/BERGEN-hornsofi-opinn-endi-vinstri-ledurblanda/?PathId=daa6be5b-5fc6-4c03-a44a-6267f53d68a8,https://jysk.is/library/Images/products/P010271.jpg?proc=366x366,2026-10-08 06:47 UTC
3.0,BERGEN hornsófi opinn-endi hægri leðurblanda P010270 / SK0,279990,1,279990,,JYSK,modern leather,leather blend,"The sofa is leather, in a darker brown tone, with visible legs contrary to the target aesthetic of a light fabric with hidden or wooden legs.",https://jysk.is/stok-vara/BERGEN-hornsofi-opinn-endi-haegri-ledurblanda/?PathId=daa6be5b-5fc6-4c03-a44a-6267f53d68a8,https://jysk.is/library/Images/products/P010270.jpg?proc=366x366,2026-10-08 06:47 UTC
3.0,VINSÆL ESBJERG hornsófi 3+1+2 (hægt að víxla) grár leðurblanda P009686 / SK0,289990,1,289990,,JYSK,modern sectional,leather blend,"The sofa is a sectional but is made of leather and has sharp angles, contrasting with the desired soft woven fabric and rounded, plush design.",https://jysk.is/stok-vara/ESBJERG-hornsofi-3-1-2-haegt-ad-vixla-grar-ledurblanda/?PathId=daa6be5b-5fc6-4c03-a44a-6267f53d68a8,https://jysk.is/library/Images/products/P009686.jpg?proc=366x366,2026-10-08 06:47 UTC
3.0,Nes hornsófi vinstri Forza 5514 grænn,295992,1,295992,,Húsgagnahöllin,modern angular,woven fabric,The dark green color and angular design do not match the light and relaxed aesthetic.,https://husgagnahollin.is/vara/nes-hornsofi-vinstri-forza-5514-graenn/,https://husgagnahollin.is/wp-content/uploads/2025/12/KSO018869-Nes-hornsofi-vinstri-Forza-5514-graenn.jpg,2026-10-07 17:46 UTC
3.0,Jesi hornsófi hægri Kentucky 1 dökkgrár,295992,1,295992,,Húsgagnahöllin,"modern, angular",dark grey fabric,"The color is too dark and the design is more angular and structured than the relaxed look with soft, rounded arms desired.",https://husgagnahollin.is/vara/jesi-hornsofi-haegri-kentucky-1-dokkgrar/,https://husgagnahollin.is/wp-content/uploads/2024/03/Jesi-hornsofi-haegri-Kentucky-1-dokkgrar-KSO018434.webp,2026-10-07 17:46 UTC
3.0,Cubo Magnum tungusvefnsófi hægri Queens Ash,299940,1,299940,,Húsgagnahöllin,modern straight lines,dark woven fabric,"The color is darker than desired, and the overall design is more structured with straight lines, lacking the relaxed, soft look with rounded arms sought in the references.",https://husgagnahollin.is/vara/cubo-magnum-tungusvefnsofi-haegri-queens-ash/,https://husgagnahollin.is/wp-content/uploads/2025/01/Cubo-Magnum-tungusvefnsofi-haegri-Queens-Ash-272673446.webp,2026-10-07 17:46 UTC
3.0,VINSÆL ESBJERG U sófi vinstri grár leðurblanda P009685 / SK0,299990,1,299990,,JYSK,"modern, angular",leather blend,"The candidate sofa is an L-shaped corner sofa and meets some design criteria, but it is made of a leather blend and has a more angular, modern style, which deviates from the desired soft, woven/linen look and relaxed form.",https://jysk.is/stok-vara/ESBJERG-U-sofi-vinstri-grar-ledurblanda/?PathId=f6d7172e-17b7-451c-bff9-8ef08a1d4c2a,https://jysk.is/library/Images/products/P009685.jpg?proc=366x366,2026-10-08 06:47 UTC
3.0,VINSÆL ESBJERG U sófi hægri grár leðurblanda P009684 / SK0,299990,1,299990,,JYSK,"modern, structured",leather blend,"The sofa is L-shaped and has simple lines, but the leather material and dark legs do not match the soft, woven fabric and light wood look of the reference aesthetic.",https://jysk.is/stok-vara/ESBJERG-U-sofi-haegri-grar-ledurblanda/?PathId=f6d7172e-17b7-451c-bff9-8ef08a1d4c2a,https://jysk.is/library/Images/products/P009684.jpg?proc=366x366,2026-10-08 06:47 UTC
3.0,BERGEN U sófi hægri leðurblanda P010272 / SK0,299990,1,299990,,JYSK,modern angular,leather blend,"The sofa is an L-shaped corner sofa but in a leather blend with visible angular lines, which contrasts with the relaxed, soft look of the references.",https://jysk.is/stok-vara/BERGEN-U-sofi-haegri-ledurblanda/?PathId=f6d7172e-17b7-451c-bff9-8ef08a1d4c2a,https://jysk.is/library/Images/products/P010272.jpg?proc=366x366,2026-10-08 06:47 UTC
3.0,BERGEN U sófi vinstri leðurblanda P010273 / SK0,299990,1,299990,,JYSK,contemporary angular,leather-like,"The candidate sofa has an angular design and leather-like material, which does not match the soft, rounded, fabric look with hidden legs required.",https://jysk.is/stok-vara/BERGEN-U-sofi-vinstri-ledurblanda/?PathId=f6d7172e-17b7-451c-bff9-8ef08a1d4c2a,https://jysk.is/library/Images/products/P010273.jpg?proc=366x366,2026-10-08 06:47 UTC
3.0,VINSÆL LIDO tungusófi vinstri olive P006682 / 1301,299990,1,299990,,JYSK,modern angular,woven fabric,"The color is dark olive, not light or neutral, and the lines are too angular for the desired relaxed aesthetic.",https://jysk.is/stok-vara/LIDO-tungusofi-vinstri-olive/?PathId=daa6be5b-5fc6-4c03-a44a-6267f53d68a8,https://jysk.is/library/Images/products/P006682.jpg?proc=366x366,2026-10-08 06:47 UTC
3.0,VINSÆL OSLO hornsófi opinn-endi vinstri brúnn leðurblanda P010054 / SK0,299990,1,299990,,JYSK,modern angular,leather blend,"The candidate sofa is leather-like, angular, and dark brown, contrasting with the desired soft fabric, light colors, rounded shapes, and relaxed look.",https://jysk.is/stok-vara/OSLO-hornsofi-opinn-endi-vinstri-brunn-ledurblanda/?PathId=daa6be5b-5fc6-4c03-a44a-6267f53d68a8,https://jysk.is/library/Images/products/P010054.jpg?proc=366x366,2026-10-08 06:47 UTC
3.0,VINSÆL BERGEN hornsófi 3+1+2 (hægt að víxla) leðurblanda P010274 / SK0,299990,1,299990,,JYSK,modern angular,leather blend,"The candidate is leather, angular, and has visible legs, differing from the soft, rounded, fabric look with hidden legs desired.",https://jysk.is/stok-vara/BERGEN-hornsofi-3-1-2-haegt-ad-vixla-ledurblanda/?PathId=daa6be5b-5fc6-4c03-a44a-6267f53d68a8,https://jysk.is/library/Images/products/P010274.jpg?proc=366x366,2026-10-08 06:47 UTC
3.0,NARVIK tungusófi hægri dökkgrár leðurblanda P010390 / SK0,299990,1,299990,,JYSK,modern angular,leather blend,"The candidate is a modern angular leather blend sofa in a dark color with metal legs, opposite the soft, light, and relaxed aesthetic of the references.",https://jysk.is/stok-vara/NARVIK-tungusofi-haegri-dokkgrar-ledurblanda/?PathId=daa6be5b-5fc6-4c03-a44a-6267f53d68a8,https://jysk.is/library/Images/products/P010390.jpg?proc=366x366,2026-10-08 06:47 UTC
3.0,LIDO tungusófi vinstri dökkbrúnn corduroy P012072 / 1301,299990,1,299990,,JYSK,modern sectional,corduroy fabric,"The color is dark brown, which is not light cream or greige, and the corduroy fabric doesn't match the linen look required.",https://jysk.is/stok-vara/LIDO-tungusofi-vinstri-dokkbrunn-corduroy/?PathId=daa6be5b-5fc6-4c03-a44a-6267f53d68a8,https://jysk.is/library/Images/products/P012072.jpg?proc=366x366,2026-10-08 06:47 UTC
3.0,NARVIK tungusófi vinstri dökkgrár leðurblanda P010391 / SK0,299990,1,299990,,JYSK,"modern, sleek",leather blend,"The candidate sofa does not match the light color or fabric of the references and has metal legs, making it a poor fit for the desired aesthetic.",https://jysk.is/stok-vara/NARVIK-tungusofi-vinstri-dokkgrar-ledurblanda/?PathId=daa6be5b-5fc6-4c03-a44a-6267f53d68a8,https://jysk.is/library/Images/products/P010391.jpg?proc=366x366,2026-10-08 06:47 UTC
3.0,VINSÆL ESBJERG U sófi vinstri grár leðurblanda P009685 / SK0,299990,1,299990,,JYSK,"modern, angular",leather blend,"The sofa's color and leather material don't match the soft, woven or linen look and warm tones. The angular design with visible legs contrasts with the desired relaxed style.",https://jysk.is/stok-vara/ESBJERG-U-sofi-vinstri-grar-ledurblanda/?PathId=ca16cf42-330c-447d-bdfe-b0daa0c37394,https://jysk.is/library/Images/products/P009685.jpg?proc=366x366,2026-10-08 06:47 UTC
3.0,VINSÆL ESBJERG U sófi hægri grár leðurblanda P009684 / SK0,299990,1,299990,,JYSK,modern sectional,leather blend,"The sofa's color and material do not match the desired light woven fabric aesthetic; its straight lines and leather blend are too modern and structured compared to the relaxed, fabric look.",https://jysk.is/stok-vara/ESBJERG-U-sofi-haegri-grar-ledurblanda/?PathId=ca16cf42-330c-447d-bdfe-b0daa0c37394,https://jysk.is/library/Images/products/P009684.jpg?proc=366x366,2026-10-08 06:47 UTC
3.0,Pinto hornsófi hægri Kentucky 01 antrazit,303992,1,303992,,Húsgagnahöllin,modern angular,fabric,"The sofa is in the broader category of L-shaped corner sofas but has a modern angular design, dark color, visible metal legs, and lacks the soft, relaxed aesthetic of the references.",https://husgagnahollin.is/vara/pinto-hornsofi-haegri-kentucky-01-antrazit/,https://husgagnahollin.is/wp-content/uploads/2023/11/Pinto-hornsofi-haegri-Kentucky-01-antrazit-KSO017889.jpg,2026-10-07 17:46 UTC
3.0,Pinto hornsófi vinstri Kentucky 02 Stone,303992,1,303992,,Húsgagnahöllin,modern angular,faux leather look,"The color is darker and the material looks like faux leather, with visible metal legs and angular design, differing from the relaxed and soft fabric style needed.",https://husgagnahollin.is/vara/pinto-hornsofi-vinstri-kentucky-02-stone/,https://husgagnahollin.is/wp-content/uploads/2022/12/Pinto-hornsofi-vinstri-Kentucky-02-Stone-KSO012529.webp,2026-10-07 17:46 UTC
3.0,Pinto hornsófi vinstri Kentucky 09 koníak,303992,1,303992,,Húsgagnahöllin,modern angular,faux leather-like,"The sofa is an L-shaped corner style, but its color is too dark and the material appears to be leather-like, with metal legs, contrasting with the reference's light, soft, and cozy style.",https://husgagnahollin.is/vara/pinto-hornsofi-vinstri-kentucky-09-koniak/,https://husgagnahollin.is/wp-content/uploads/2022/12/Pinto-hornsofi-vinstri-Kentucky-09-koniak-KSO009934.jpg,2026-10-07 17:46 UTC
3.0,SPRINGFIELD Hornsófi hægri koníaksbrúnn,307920,1,307920,,ILVA,"modern, angular",leather,"The sofa does not match the desired aesthetic; it's leather, features angular lines, and has exposed metal legs.",https://www.ilva.is/stok-vara/?ProductName=SPRINGFIELD-Hornsofi-haegri-koniaksbrunn&PathId=1fc7d092-ce9e-11ef-81b7-8f3b82297126,https://www.ilva.is/library/Images/Products/V009576.jpg?proc=366x366,2026-10-07 17:46 UTC
3.0,SPRINGFIELD Hornsófi hægri stone,307920,1,307920,,ILVA,"modern, structured",woven fabric,"The color is too dark, the arms and overall design are more structured and modern, and the metal legs do not match the warm, relaxed aesthetic of the reference images.",https://www.ilva.is/stok-vara/?ProductName=SPRINGFIELD-Hornsofi-haegri-stone&PathId=1fc7d092-ce9e-11ef-81b7-8f3b82297126,https://www.ilva.is/library/Images/Products/V009574.jpg?proc=366x366,2026-10-07 17:46 UTC
3.0,Bolzano sófi,309900,1,309900,,Módern,modern minimalist,woven fabric,"The sofa is a darker color with metal legs, lacking the desired warmth and softness.",https://modern.is/shop/husgogn/sofar-og-legubekkir/beinir-sofar/bolzano-sofi/,https://modern.is/wp-content/uploads/2022/02/Sofa_3.5seater_bolzano-300x300.webp,2026-10-07 17:46 UTC
3.0,TERON Hornsófi hægri taupe,311920,1,311920,,ILVA,"modern, minimalist",woven fabric,"The dark color and exposed legs are not aligned with the light, warm greige and hidden legs of the reference.",https://www.ilva.is/stok-vara/?ProductName=TERON-Hornsofi-haegri-taupe&PathId=1fc7d092-ce9e-11ef-81b7-8f3b82297126,https://www.ilva.is/library/Images/Products/V012346.jpg?proc=366x366,2026-10-07 17:46 UTC
3.0,TERON Hornsófi vinstri taupe,311920,1,311920,,ILVA,modern minimalist,woven fabric,"The candidate sofa is L-shaped but is too dark and structured, with visible legs and a more rigid design that doesn't match the relaxed, warm-toned look of the references.",https://www.ilva.is/stok-vara/?ProductName=TERON-Hornsofi-vinstri-taupe&PathId=1fc7d092-ce9e-11ef-81b7-8f3b82297126,https://www.ilva.is/library/Images/Products/V013058.jpg?proc=366x366,2026-10-07 17:46 UTC
3.0,Friday u-sófi m/tungu vinstri Mito antrazit Sb,311992,1,311992,,Húsgagnahöllin,"modern, structured",woven fabric,"The sofa is in the correct style category (corner/chaise) but is a darker grey, with structured cushions and visible metal legs, differing from the light, plush, rounded, and warm-toned aesthetic.",https://husgagnahollin.is/vara/friday-u-sofi-m-tungu-vinstri-mito-antrazit-sb/,https://husgagnahollin.is/wp-content/uploads/2024/06/Friday-u-sofi-m_tungu-vinstri-Mito-antrazit-Sb-123115429506-copy.webp,2026-10-07 17:46 UTC
3.0,Friday u-sófi m/tungu hægri Mito antrazit Sb,311992,1,311992,,Húsgagnahöllin,contemporary sectional,woven fabric,"The sofa is a sectional with clean lines, but it's in a dark color and lacks the soft rounded arms and loose cushions of the reference.",https://husgagnahollin.is/vara/friday-u-sofi-m-tungu-haegri-mito-antrazit-sb/,https://husgagnahollin.is/wp-content/uploads/2024/06/Friday-u-sofi-m_tungu-haegri-Mito-antrazit-Sb-123114429506-.jpg,2026-10-07 17:46 UTC
3.0,Lucera sófi,314900,1,314900,,Módern,"modern, blocky",leather,"The sofa is leather and not in the light cream or warm greige palette, with a more modern blocky style that lacks loose cushions and the desired relaxed aesthetic.",https://modern.is/shop/husgogn/sofar-og-legubekkir/beinir-sofar/lucera-sofi/,https://modern.is/wp-content/uploads/2022/02/flexlux-lucera-1452521-0742-002-300x300.jpg,2026-10-07 17:46 UTC
3.0,SKEJBY U-tungusófi dökk brúnn P013089 / S001,319990,1,319990,,JYSK,modern blocky,woven fabric,"The dark color and blocky design with no visible legs don't match the light, relaxed aesthetic desired.",https://jysk.is/stok-vara/SKEJBY-U-tungusofi-dokk-brunn/?PathId=daa6be5b-5fc6-4c03-a44a-6267f53d68a8,https://jysk.is/library/Images/products/P013089.jpg?proc=366x366,2026-10-08 06:47 UTC
3.0,Friday hornsófi 2h2 Mito antrazit Sb,319992,1,319992,,Húsgagnahöllin,modern angular,woven fabric,"The color is dark and the shape is angular with visible metal legs, differing significantly from the light, soft, and rounded form desired.",https://husgagnahollin.is/vara/friday-hornsofi-2h2-mito-antrazit-sb/,https://husgagnahollin.is/wp-content/uploads/2026/07/123235429506-∙-Friday-hornsofi-2h2-Mito-antrazit-Sb-2.webp,2026-10-07 17:46 UTC
3.0,YSTAD hornsófi opinn-endi hægri grár leðurblanda P012470 / SK0,329990,1,329990,,JYSK,modern clean lines,leather blend,"The color is too dark and the material is leather, which doesn't match the desired aesthetic of fabric and lighter tones.",https://jysk.is/stok-vara/YSTAD-hornsofi-opinn-endi-haegri-grar-ledurblanda/?PathId=daa6be5b-5fc6-4c03-a44a-6267f53d68a8,https://jysk.is/library/Images/products/P012470.jpg?proc=366x366,2026-10-08 06:47 UTC
3.0,NARVIK hornsófi opinn-endi hægri dökkgrár leðurblanda P010392 / SK0,329990,1,329990,,JYSK,modern angular,leather blend,"The candidate sofa is a dark, leather blend with angular lines and visible metal legs, contrasting with the light, soft, and rounded style of the reference images.",https://jysk.is/stok-vara/NARVIK-hornsofi-opinn-endi-haegri-dokkgrar-ledurblanda/?PathId=daa6be5b-5fc6-4c03-a44a-6267f53d68a8,https://jysk.is/library/Images/products/P010392.jpg?proc=366x366,2026-10-08 06:47 UTC
3.0,Clausholm sófi 3s leður Madrid koníak,337493,1,337493,,Húsgagnahöllin,"modern, angular",leather,"The sofa is made of leather and features angular lines, which do not match the soft, woven fabric and rounded style desired.",https://husgagnahollin.is/vara/clausholm-sofi-3s-ledur-madrid-koniak/,https://husgagnahollin.is/wp-content/uploads/2025/04/Clausholm-sofi-3s-ledur-Madrid-koniak-CL3S6513.webp,2026-10-07 17:46 UTC
3.0,SIENA Tungusófi vinstri gulur,343920,1,343920,,ILVA,"modern, blocky",woven fabric,"The sofa is L-shaped with clean lines and soft rounded arms, but the color is a saturated yellow which is opposite to the desired light neutrals.",https://www.ilva.is/stok-vara/?ProductName=SIENA-Tungusofi-vinstri-gulur&PathId=1fc7d092-ce9e-11ef-81b7-8f3b82297126,https://www.ilva.is/library/Images/Products/V013960.jpg?proc=366x366,2026-10-07 17:46 UTC
3.0,SCOTT Horntungusófi hægri tunga koníaksbrúnn,351920,1,351920,,ILVA,"modern, structured",leather-like finish,"The sofa is structured and does not have the relaxed, plush look; its leather-like finish and color do not match the light, soft aesthetic.",https://www.ilva.is/stok-vara/?ProductName=SCOTT-Horntungusofi-haegri-tunga-koniaksbrunn&PathId=1fc7d092-ce9e-11ef-81b7-8f3b82297126,https://www.ilva.is/library/Images/Products/V001327.jpg?proc=366x366,2026-10-07 17:46 UTC
3.0,SCOTT Horntungusófi hægri tunga earth,351920,1,351920,,ILVA,modern sectional,woven fabric,"The sofa is a sectional with a woven fabric, but the dark color and visible black legs do not match the light, warm aesthetic desired.",https://www.ilva.is/stok-vara/?ProductName=SCOTT-Horntungusofi-haegri-tunga-earth&PathId=1fc7d092-ce9e-11ef-81b7-8f3b82297126,https://www.ilva.is/library/Images/Products/V006009.jpg?proc=366x366,2026-10-07 17:46 UTC
3.0,SCOTT Horntungusófi vinstri tunga stone,351920,1,351920,,ILVA,modern angular,woven fabric,"The color is too dark and legs are not short or wooden, which doesn't match the relaxed, warm aesthetic.",https://www.ilva.is/stok-vara/?ProductName=SCOTT-Horntungusofi-vinstri-tunga-stone&PathId=1fc7d092-ce9e-11ef-81b7-8f3b82297126,https://www.ilva.is/library/Images/Products/V005735.jpg?proc=366x366,2026-10-07 17:46 UTC
3.0,ZANO Sófi 2ja sæta með opnum enda hægri grænn,359840,1,359840,,ILVA,"modern, blocky",woven fabric,"The color is too dark and saturated compared to the light and neutral reference, and the design is more rigid and blocky with no visible back cushions.",https://www.ilva.is/stok-vara/?ProductName=ZANO-Sofi-2ja-saeta-med-opnum-enda-haegri-graenn&PathId=4281ffde-4606-4172-b524-c44ff6c618af,https://www.ilva.is/library/Images/Products/V012670X.jpg?proc=366x366,2026-10-07 17:46 UTC
3.0,"OSLO hornsófi 2,5+1+2,5 brúnn leðurblanda P012462 / SK0",369990,1,369990,,JYSK,"modern, angular",leather blend,"The brown leather blend and angular design do not match the soft, relaxed fabric aesthetic desired.",https://jysk.is/stok-vara/OSLO-hornsofi-2-5-1-2-5-brunn-ledurblanda/?PathId=daa6be5b-5fc6-4c03-a44a-6267f53d68a8,https://jysk.is/library/Images/products/P012462.jpg?proc=366x366,2026-10-08 06:47 UTC
3.0,"YSTAD hornsófi 2,5+1+2,5 grár leðurblanda P012474 / SK0",369990,1,369990,,JYSK,modern angular,leather blend,"The candidate sofa is dark gray leather with metal legs, which contrasts with the light, soft fabrics and wooden accents of the reference images.",https://jysk.is/stok-vara/YSTAD-hornsofi-2-5-1-2-5-grar-ledurblanda/?PathId=daa6be5b-5fc6-4c03-a44a-6267f53d68a8,https://jysk.is/library/Images/products/P012474.jpg?proc=366x366,2026-10-08 06:47 UTC
3.0,Pinto u-sófi með tungu hægri Kentucky 01 antrasite,383992,1,383992,,Húsgagnahöllin,"modern, angular",leather-like fabric,"The candidate sofa has angular lines and a leather-like appearance, which contrasts with the soft, rounded, and fabric style of the reference images.",https://husgagnahollin.is/vara/pinto-u-sofi-med-tungu-haegri-kentucky-01-antrasite/,https://husgagnahollin.is/wp-content/uploads/2024/10/Pinto-u-sofi-med-tungu-haegri-Kentucky-01-antrasite-KSO009986.webp,2026-10-07 17:46 UTC
3.0,Pinto u-sófi með tungu hægri Kentucky koníak,383992,1,383992,,Húsgagnahöllin,modern sectional,leather or leather-like,"The candidate sofa's color and material are darker and appear to be leather, which contrasts with the light, fabric-covered look desired. It lacks the soft, rounded arms and plush cushions of the target aesthetic.",https://husgagnahollin.is/vara/pinto-u-sofi-med-tungu-haegri-kentucky-koniak/,https://husgagnahollin.is/wp-content/uploads/2020/03/Pinto-u-sofi-med-tungu-haegri-Kentucky-koniak-scaled.jpg,2026-10-07 17:46 UTC
3.0,HEAVEN Tungusófi hægri grænn,389940,1,389940,,ILVA,dark modern,woven fabric,"The color is too dark and not light cream or warm greige, but the shape and soft cushions are somewhat similar.",https://www.ilva.is/stok-vara/?ProductName=HEAVEN-Tungusofi-haegri-graenn&PathId=1fc7d092-ce9e-11ef-81b7-8f3b82297126,https://www.ilva.is/library/Images/Products/V011512.jpg?proc=366x366,2026-10-07 17:46 UTC
3.0,Torino sófi,394900,1,394900,,Módern,round modern,woven fabric,"The sofa is dark and not a matching color, with a modern rounded design that does not align with the light, relaxed style of the references.",https://modern.is/shop/husgogn/sofar-og-legubekkir/beinir-sofar/torino-sofi/,https://modern.is/wp-content/uploads/2023/09/flexlux-torino-3743221-1212-002-300x300.jpg,2026-10-07 17:46 UTC
2.0,Glæsilegt sófasett,0,1,0,,Bland (notað),"traditional, tufted",velvet and wood,"The candidate has dark velvet material and traditional tufted design, contrasting with the light, relaxed, modern look desired.",https://bland.is/til-solu/heimilid/stofa/glaesilegt-sofasett/5291573/,https://img.bland.is/album/img/258165/m/20261001150308_0.jpg,2026-10-07 17:46 UTC
2.0,Sófar,0,1,0,,Bland (notað),"modern, sleek",leather,"The candidate sofa is dark leather with boxy arms and no loose cushions, which contrasts with the light, soft, and relaxed look of the reference images.",https://bland.is/til-solu/heimilid/stofa/sofar/5290601/,https://img.bland.is/album/img/377836/m/20260927183323_0.jpg,2026-10-07 17:46 UTC
2.0,Svefnsofi,5000,1,5000,,Bland (notað),"minimalist, compact","fabric, mixed patterns","The sofa’s color and fabric do not match the target light cream aesthetic, and its style is more compact and minimal compared to the desired plush, relaxed look.",https://bland.is/til-solu/heimilid/stofa/svefnsofi/5290866/,https://img.bland.is/album/img/284649/m/20260928173521_0.jpg,2026-10-07 17:46 UTC
2.0,Leðursófi,10000,1,10000,,Bland (notað),"modern, dark",leather,"The candidate sofa is leather with a dark color, which does not match the light, fabric look of the references.",https://bland.is/til-solu/heimilid/stofa/ledursofi/5293087/,https://img.bland.is/album/img/39911/m/20261006151343_0.jpg,2026-10-07 17:46 UTC
2.0,Sofabed leather 145x220cm,27000,1,27000,,Bland (notað),straight leather sofa,leather,"The sofa is leather and dark, which contrasts with the light, soft fabrics desired.",https://bland.is/til-solu/heimilid/stofa/sofabed-leather-145x220cm/5292316/,https://img.bland.is/album/img/427317/m/20261004091757_0.jpg,2026-10-07 17:46 UTC
2.0,Sofa ilva 140x230cm //,32000,1,32000,,Bland (notað),"modern, straight",woven fabric,"The candidate sofa is a straight, modern design but in a dark color with visible metal legs, which does not match the soft, warm, and natural aesthetic of the reference.",https://bland.is/til-solu/heimilid/stofa/sofa-ilva-140x230cm-/5290414/,https://img.bland.is/album/img/427317/m/20260927110016_0.jpg,2026-10-07 17:46 UTC
2.0,Sofa 210x270cm,38000,1,38000,,Bland (notað),modern sectional,dark woven fabric,"The sofa is a sectional with simple lines but is dark, has low back cushions, and lacks the light, relaxed aesthetic and color of the reference images.",https://bland.is/til-solu/heimilid/stofa/sofa-210x270cm/5292930/,https://img.bland.is/album/img/427317/m/20261005210531_0.jpg,2026-10-07 17:46 UTC
2.0,sofa lazyboy leather 160x280cm,38000,1,38000,,Bland (notað),recliner sectional,leather or faux leather,"The candidate sofa is dark, heavily upholstered, and features a recliner mechanism, which contrasts the light, soft, and simple style of the references.",https://bland.is/til-solu/heimilid/stofa/sofa-lazyboy-leather-160x280cm/5292925/,https://img.bland.is/album/img/427317/m/20261005203753_0.jpg,2026-10-07 17:46 UTC
2.0,Leðursófi með stillanlegum höfuðpúðum,39000,1,39000,,Bland (notað),modern leather sofa,leather,"The candidate is a dark leather sofa, which does not align with the desired light fabric look and soft, relaxed design.",https://bland.is/til-solu/heimilid/stofa/ledursofi-med-stillanlegum-hofudpudum/5291928/,https://img.bland.is/album/img/9094/m/20261002173108_0.jpg,2026-10-07 17:46 UTC
2.0,SKEJBY sófaeining miðja dökkbrúnn P013080 / 3620302,39990,1,39990,,JYSK,modern blocky,woven fabric,"The candidate is dark with a blocky shape, lacking the light, soft, and relaxed look of the references.",https://jysk.is/stok-vara/SKEJBY-sofaeining-midja-dokkbrunn/?PathId=308afa23-8d9e-4bb2-8dfa-fb8a3ade083c,https://jysk.is/library/Images/products/P013080.jpg?proc=366x366,2026-10-08 06:47 UTC
2.0,Vandað ítalskt De Angeli Salotti sófasett,40000,1,40000,,Bland (notað),vintage floral,"patterned fabric, wood","The candidate features ornate wood and floral patterns, contrasting significantly with the simple and neutral aesthetic of the references.",https://bland.is/til-solu/heimilid/stofa/vandad-italskt-de-angeli-salotti-sofasett/5293046/,https://img.bland.is/album/img/278079/m/20261006120236_0.jpg,2026-10-07 17:46 UTC
2.0,Chesterfield sofaset 32,45000,1,45000,,Bland (notað),classic Chesterfield,velvet-like fabric,"The sofa's chesterfield tufting, velvet-like material, and dark color contrast sharply with the desired relaxed, modern aesthetic.",https://bland.is/til-solu/heimilid/stofa/chesterfield-sofaset-32/5292055/,https://img.bland.is/album/img/404542/m/20261003103030_0.jpg,2026-10-07 17:46 UTC
2.0,BALMAR 1 sæta miðjueining græn,55920,1,55920,,ILVA,boxy modern,woven fabric,The sofa is too dark and boxy with no visible plush cushions or rounded arms.,https://www.ilva.is/stok-vara/?ProductName=BALMAR-1-saeta-midjueining-graen&PathId=36e020c6-4e5a-476c-bce0-f311c654ed46,https://www.ilva.is/library/Images/Products/V013336.jpg?proc=366x366,2026-10-07 17:46 UTC
2.0,Sofa lazyboy electric 210x250cm,58000,1,58000,,Bland (notað),modern recliner,dark fabric,"The sofa has a dark color and prominent recliner design that deviates from the light, relaxed, and simple style of the reference images.",https://bland.is/til-solu/heimilid/stofa/sofa-lazyboy-electric-210x250cm/5290394/,https://img.bland.is/album/img/427317/m/20260927104101_0.jpg,2026-10-07 17:46 UTC
2.0,Sofa lazyboy electric very good leather 160x280cm,62000,1,62000,,Bland (notað),recliner corner sofa,leather,"The sofa is dark leather with a recliner mechanism, opposite to the light fabric, soft, and relaxed style of the reference.",https://bland.is/til-solu/heimilid/stofa/sofa-lazyboy-electric-very-good-leather-160x280cm/5290479/,https://img.bland.is/album/img/427317/m/20260927131259_0.jpg,2026-10-07 17:46 UTC
2.0,SKEJBY sófaeining vinstri tungu endi án/bak dökkbrúnn P013083 / 3620304,62990,1,62990,,JYSK,modern blocky,woven fabric,"The candidate sofa is a dark color, has a blocky design, and lacks the soft, relaxed lines and light color palette of the reference sofas.",https://jysk.is/stok-vara/SKEJBY-sofaeining-vinstri-tungu-endi-an-bak-dokkbrunn/?PathId=daa6be5b-5fc6-4c03-a44a-6267f53d68a8,https://jysk.is/library/Images/products/P013083.jpg?proc=366x366,2026-10-08 06:47 UTC
2.0,Fallegur sófi,65000,1,65000,,Bland (notað),formal traditional,velvet-like,"The candidate sofa is in velvet-like material with a high, curved back and tufting, not matching the relaxed, simple, and modern aesthetic of the references.",https://bland.is/til-solu/heimilid/stofa/fallegur-sofi/5291910/,https://img.bland.is/album/img/191118/m/20261002163932_0.jpg,2026-10-07 17:46 UTC
2.0,Sofa leather 210x290cm.,68000,1,68000,,Bland (notað),modern angular,leather,"The candidate sofa is leather in a dark color with angular lines, contrasting with the relaxed fabric style and colors in the references.",https://bland.is/til-solu/heimilid/stofa/sofa-leather-210x290cm-/5290904/,https://img.bland.is/album/img/427317/m/20260928195802_0.jpg,2026-10-07 17:46 UTC
2.0,SKEJBY sófaeining hægri tungu endi m/bak dökkbrúnn P013081 / 3620303,69990,1,69990,,JYSK,modern blocky,dark fabric,"The sofa is too dark with a blocky design, lacking the light color and softness of the reference.",https://jysk.is/stok-vara/SKEJBY-sofaeining-haegri-tungu-endi-m-bak-dokkbrunn/?PathId=daa6be5b-5fc6-4c03-a44a-6267f53d68a8,https://jysk.is/library/Images/products/P013081.jpg?proc=366x366,2026-10-08 06:47 UTC
2.0,SKEJBY sófi 2ja sæta dökk brúnn P013085 / S001237,84990,1,84990,,JYSK,boxy modern,dark woven fabric,"The dark color and boxy design do not fit the light, soft, and relaxed aesthetic described.",https://jysk.is/stok-vara/SKEJBY-sofi-2ja-saeta-dokk-brunn/?PathId=f6d7172e-17b7-451c-bff9-8ef08a1d4c2a,https://jysk.is/library/Images/products/P013085.jpg?proc=366x366,2026-10-08 06:47 UTC
2.0,CLEVELAND Sófi 2ja sæta dökkgrár,99900,1,99900,,ILVA,"modern, structured",dark woven fabric,"The sofa is dark gray with metal legs, lacking the light color, softness, and wooden elements desired in the aesthetic.",https://www.ilva.is/stok-vara/?ProductName=CLEVELAND-Sofi-2ja-saeta-dokkgrar&PathId=4281ffde-4606-4172-b524-c44ff6c618af,https://www.ilva.is/library/Images/Products/V002761.jpg?proc=366x366,2026-10-07 17:46 UTC
2.0,LOOM Sófi 2ja sæta grænn með krómaðri grind,104930,1,104930,,ILVA,"modern, tubular, structured",fabric with metal frame,"The candidate sofa is dark green with a metal frame, which doesn't match the light, soft, and relaxed aesthetic of the references.",https://www.ilva.is/stok-vara/?ProductName=LOOM-Sofi-2ja-saeta-graenn-med-kromadri-grind&PathId=4281ffde-4606-4172-b524-c44ff6c618af,https://www.ilva.is/library/Images/Products/V012583.jpg?proc=366x366,2026-10-07 17:46 UTC
2.0,Venice sófi 2s Velvet blár,104993,1,104993,,Húsgagnahöllin,"velvet, tufted",velvet,"The sofa is velvet with tufting and a saturated color, opposite to the target look which requires a light color, woven fabric, and simpler design.",https://husgagnahollin.is/vara/venice-sofi-2s-velvet-blar/,https://husgagnahollin.is/wp-content/uploads/2019/08/Venice-sofi-2s-Velvet-blar.jpg,2026-10-07 17:46 UTC
2.0,Venice sófi 2s Velvet dökkgrár,104993,1,104993,,Húsgagnahöllin,"tufted, compact",velvet,"The velvet material, tufted design, and dark color do not align with the light, relaxed, and woven fabric look of the references.",https://husgagnahollin.is/vara/venice-sofi-2s-velvet-dokkgrar/,https://husgagnahollin.is/wp-content/uploads/2019/08/548362834-0.jpg,2026-10-07 17:46 UTC
2.0,MEXICO Sófi 3ja sæta grænn,127920,1,127920,,ILVA,modern minimalist,dark woven fabric,"The sofa is dark with straight lines and exposed legs, which doesn't match the light, rounded, and relaxed style of the reference images.",https://www.ilva.is/stok-vara/?ProductName=MEXICO-Sofi-3ja-saeta-graenn&PathId=4281ffde-4606-4172-b524-c44ff6c618af,https://www.ilva.is/library/Images/Products/V001282.jpg?proc=366x366,2026-10-07 17:46 UTC
2.0,Andros sófi 2s Velvet grár,134993,1,134993,,Húsgagnahöllin,Chesterfield tufted,velvet,"The candidate sofa is velvet and tufted, which is opposite to the desired relaxed, linen-like look without tufting.",https://husgagnahollin.is/vara/andros-sofi-2s-velvet-grar/,https://husgagnahollin.is/wp-content/uploads/2020/09/Andros-sofi-2s-Velvet-grar-scaled.jpg,2026-10-07 17:46 UTC
2.0,SCOTT Sófi 2ja sæta koníaksbrúnn,135920,1,135920,,ILVA,"modern, compact",leather,"The candidate is in leather and has straight, clean lines with metal legs, which contrasts with the soft, woven, and relaxed look desired.",https://www.ilva.is/stok-vara/?ProductName=SCOTT-Sofi-2ja-saeta-koniaksbrunn&PathId=4281ffde-4606-4172-b524-c44ff6c618af,https://www.ilva.is/library/Images/Products/V005560.jpg?proc=366x366,2026-10-07 17:46 UTC
2.0,SCOTT Sófi 2ja sæta earth,135920,1,135920,,ILVA,"modern, angular",faux leather,"The candidate sofa is too dark and structured with angular lines, contrasting legs, and faux leather material, opposing the soft and relaxed aesthetic desired.",https://www.ilva.is/stok-vara/?ProductName=SCOTT-Sofi-2ja-saeta-earth&PathId=4281ffde-4606-4172-b524-c44ff6c618af,https://www.ilva.is/library/Images/Products/V005561.jpg?proc=366x366,2026-10-07 17:46 UTC
2.0,"SPRINGFIELD Sófi 2,5 sæta koníaksbrúnn",143920,1,143920,,ILVA,modern minimal,leather-like,"The candidate sofa is leather-like with visible metal legs, which does not align with the soft fabric and hidden legs of the target aesthetic.",https://www.ilva.is/stok-vara/?ProductName=SPRINGFIELD-Sofi-2-5-saeta-koniaksbrunn&PathId=4281ffde-4606-4172-b524-c44ff6c618af,https://www.ilva.is/library/Images/Products/V006310.jpg?proc=366x366,2026-10-07 17:46 UTC
2.0,"Aspen sófi 2,5s Kentucky 9 koníak",147992,1,147992,,Húsgagnahöllin,"modern, minimalist",leather,"The sofa is made of leather and has a modern aesthetic with visible metal legs, which doesn't match the relaxed, fabric-centric style and neutral tones of the references.",https://husgagnahollin.is/vara/aspen-sofi-25s-kentucky-9-koniak/,https://husgagnahollin.is/wp-content/uploads/2023/04/Aspen-sofi-25s-Kentucky-9-koniak-SOF307991.jpg,2026-10-07 17:46 UTC
2.0,Venice sófi 3s Velvet dökkgrár,149993,1,149993,,Húsgagnahöllin,"tufted, structured",velvet,"The velvet material and tufted design contrast with the desired relaxed, linen-like look.",https://husgagnahollin.is/vara/venice-sofi-3s-velvet-dokkgrar/,https://husgagnahollin.is/wp-content/uploads/2019/08/Venice-sofi-3s-Velvet-dokkgrar.jpg,2026-10-07 17:46 UTC
2.0,Venice sófi 3s Easy clean beige,149994,1,149994,,Húsgagnahöllin,"tufted, modern","fabric, metal legs","The candidate sofa has a tufted design with metal legs, which differs from the relaxed, simple style and wooden base of the reference images.",https://husgagnahollin.is/vara/venice-sofi-3s-easy-clean-beige/,https://husgagnahollin.is/wp-content/uploads/2024/10/Venice-sofi-3s-Easy-clean-beige-548363322.webp,2026-10-07 17:46 UTC
2.0,SPRINGFIELD Sófi 3ja sæta stone,151920,1,151920,,ILVA,"modern, minimal","synthetic, leather-look","The color is dark grey and the design is minimal with metal legs, not matching the warm, relaxed aesthetic.",https://www.ilva.is/stok-vara/?ProductName=SPRINGFIELD-Sofi-3ja-saeta-stone&PathId=4281ffde-4606-4172-b524-c44ff6c618af,https://www.ilva.is/library/Images/Products/V006312.jpg?proc=366x366,2026-10-07 17:46 UTC
2.0,SPRINGFIELD Sófi 3ja sæta koníaksbrúnn,151920,1,151920,,ILVA,sleek modern,leather,"The candidate sofa is a sleek brown leather design, which contrasts with the light and relaxed fabric style and color of the reference sofas.",https://www.ilva.is/stok-vara/?ProductName=SPRINGFIELD-Sofi-3ja-saeta-koniaksbrunn&PathId=4281ffde-4606-4172-b524-c44ff6c618af,https://www.ilva.is/library/Images/Products/V006309.jpg?proc=366x366,2026-10-07 17:46 UTC
2.0,SCOTT Sófi 3ja sæta koníaksbrúnn,151920,1,151920,,ILVA,"modern, structured",leather,"The color and material are off, being leather and dark brown, with structured arms and visible metal legs, which are contrary to the relaxed, soft, fabric aesthetic of the references.",https://www.ilva.is/stok-vara/?ProductName=SCOTT-Sofi-3ja-saeta-koniaksbrunn&PathId=4281ffde-4606-4172-b524-c44ff6c618af,https://www.ilva.is/library/Images/Products/V005563.jpg?proc=366x366,2026-10-07 17:46 UTC
2.0,Cayla svefnsófi Bouclé Forest green,157493,1,157493,,Húsgagnahöllin,"modern, minimal",bouclé fabric,The sofa is a straight design with simple lines but the color is a saturated forest green and it lacks the relaxed and plush aesthetic.,https://husgagnahollin.is/vara/cayla-svefnsofi-boucle-forest-green/,https://husgagnahollin.is/wp-content/uploads/2025/07/Cayla-svefnsofi-Boucle-Forest-green-955431195394535-1.jpg,2026-10-07 17:46 UTC
2.0,Aspen sófi 3s Kentucky 9 koníak,167992,1,167992,,Húsgagnahöllin,modern minimalist,leather,The leather material and metal legs contrast with the soft fabric and wooden legs of the target style.,https://husgagnahollin.is/vara/aspen-sofi-3s-kentucky-9-koniak/,https://husgagnahollin.is/wp-content/uploads/2023/05/Aspen-sofi-3s-Kentucky-9-koniak-SOF307987.jpeg,2026-10-07 17:46 UTC
2.0,VINSÆL OSLO sófi 3ja sæta brúnn leðurblanda P010050 / SK0,179990,1,179990,,JYSK,"modern, minimalist",leather-like,"The sofa is made of leather-like material and is brown, with straight lines and visible legs, which does not align with the desired aesthetic of soft, woven or linen-look fabric and light colors.",https://jysk.is/stok-vara/OSLO-sofi-3ja-saeta-brunn-ledurblanda/?PathId=f6d7172e-17b7-451c-bff9-8ef08a1d4c2a,https://jysk.is/library/Images/products/P010050XX.jpg?proc=366x366,2026-10-08 06:47 UTC
2.0,Venice sófi 2s leður/split svartur,187493,1,187493,,Húsgagnahöllin,"tufted, formal",black leather,"The black leather, tufted design and angled metal legs are opposite to the target style of relaxed, light fabric sofas.",https://husgagnahollin.is/vara/venice-sofi-2s-ledur-split-svartur/,https://husgagnahollin.is/wp-content/uploads/2019/08/VENICE-SoFI-2S-LEDUR-SPLIT-SVARTUR_548362537.jpg,2026-10-07 17:46 UTC
2.0,NARVIK sófi 3ja sæta dökkgrár leðurblanda P010389 / SK0,189990,1,189990,,JYSK,modern minimal,dark gray leather blend,"The candidate sofa is dark gray leather, not light fabric, with metal legs and lacks the desired warmth and plushness.",https://jysk.is/stok-vara/NARVIK-sofi-3ja-saeta-dokkgrar-ledurblanda/?PathId=f6d7172e-17b7-451c-bff9-8ef08a1d4c2a,https://jysk.is/library/Images/products/P010389X.jpg?proc=366x366,2026-10-08 06:47 UTC
2.0,CLEVELAND Hornsófi vinstri dökkgrár,199900,1,199900,,ILVA,modern angular,woven fabric,"The candidate sofa is dark and has metal legs, contrasting with the light and soft aesthetic required.",https://www.ilva.is/stok-vara/?ProductName=CLEVELAND-Hornsofi-vinstri-dokkgrar&PathId=1fc7d092-ce9e-11ef-81b7-8f3b82297126,https://www.ilva.is/library/Images/Products/V008998.jpg?proc=366x366,2026-10-07 17:46 UTC
2.0,INGVI Tungusófi hægri súkkulaðibrúnn,199920,1,199920,,ILVA,modern blocky,"fabric, dark brown","The candidate sofa is dark brown with a blocky shape and lacks the light, relaxed, and soft aesthetic of the reference images.",https://www.ilva.is/stok-vara/?ProductName=INGVI-Tungusofi-haegri-sukkuladibrunn&PathId=1fc7d092-ce9e-11ef-81b7-8f3b82297126,https://www.ilva.is/library/Images/Products/V010198.jpg?proc=366x366,2026-10-07 17:46 UTC
2.0,Pinto sófi 3s Kentucky 01 antrazit,199992,1,199992,,Húsgagnahöllin,modern boxy,faux leather,"The candidate sofa is a dark grey faux leather with visible metal legs, contrasting the references' light woven fabric, soft shapes, and hidden or wooden legs.",https://husgagnahollin.is/vara/pinto-sofi-3s-kentucky-01-antrazit/,https://husgagnahollin.is/wp-content/uploads/2024/09/Pinto-sofi-3s-Kentucky-01-antrazit-SOF305022.webp,2026-10-07 17:46 UTC
2.0,Pinto sófi 3s Kentucky Stone,199992,1,199992,,Húsgagnahöllin,structured modern sofa,leather-like fabric,"The sofa is structured with visible legs and a leather-like material, which is opposite to the desired relaxed, soft, fabric look.",https://husgagnahollin.is/vara/pinto-sofi-3s-kentucky-stone/,https://husgagnahollin.is/wp-content/uploads/2019/09/Pinto-sofi-3s-Kentucky-Stone-scaled.jpg,2026-10-07 17:46 UTC
2.0,Nordby sófi 2s eik/olía leður/split koníak,202493,1,202493,,Húsgagnahöllin,"structured, compact","leather, oak wood","The sofa is leather with visible wooden frame, which doesn't match the soft, fabric, relaxed feel and hidden or short wooden legs of the target aesthetic.",https://husgagnahollin.is/vara/nordby-sofi-2s-eik-olia-ledur-split-koniak/,https://husgagnahollin.is/wp-content/uploads/2025/12/Nordby-sofi-2s-eik_olia-ledur_split-koniak.webp,2026-10-07 17:46 UTC
2.0,Viborg sófi 2s Dollaro leður/split cognac,202993,1,202993,,Húsgagnahöllin,"simple, modern",leather,"The candidate is leather and lacks the design elements such as soft fabric, light color, and relaxed style found in the reference images.",https://husgagnahollin.is/vara/viborg-sofi-2s-dollaro-ledur-split-cognac/,https://husgagnahollin.is/wp-content/uploads/2025/11/Viborg-sofi-2s-Dollaro-ledur-split-cognac-34452DSC.webp,2026-10-07 17:46 UTC
2.0,Viborg sófi 2s Dollaro leður/split svart,202993,1,202993,,Húsgagnahöllin,"modern, compact",leather,"The candidate sofa is dark leather with visible legs and lacks the relaxed, soft aesthetic of the reference images.",https://husgagnahollin.is/vara/viborg-sofi-2s-dollaro-ledur-split-svart/,https://husgagnahollin.is/wp-content/uploads/2023/08/Viborg-sofi-2s-Dollaro-ledursplit-svart-34442DSS.jpeg,2026-10-07 17:46 UTC
2.0,SKEJBY tungusófi stór hægri tunga opin endi dökk brúnn P013087 / S001,209990,1,209990,,JYSK,blocky modern,dark woven fabric,"The candidate sofa is dark in color and blocky, contrasting with the light, plush, and relaxed feel of the references.",https://jysk.is/stok-vara/SKEJBY-tungusofi-stor-haegri-tunga-opin-endi-dokk-brunn/?PathId=daa6be5b-5fc6-4c03-a44a-6267f53d68a8,https://jysk.is/library/Images/products/P013087.jpg?proc=366x366,2026-10-08 06:47 UTC
2.0,HEAVEN Sófi 3ja sæta grænn,227940,1,227940,,ILVA,"boxy, dark fabric",corduroy-like fabric,"The candidate sofa is dark in color and has a more structured, boxy appearance, contrasting with the light, soft, and relaxed aesthetic of the reference images.",https://www.ilva.is/stok-vara/?ProductName=HEAVEN-Sofi-3ja-saeta-graenn&PathId=4281ffde-4606-4172-b524-c44ff6c618af,https://www.ilva.is/library/Images/Products/V010555.jpg?proc=366x366,2026-10-07 17:46 UTC
2.0,HEAVEN Sófi 3ja sæta XL grænn,239940,1,239940,,ILVA,"modern, streamlined",woven fabric,"The dark green color and lack of a chaise do not match the light, relaxing aesthetic desired.",https://www.ilva.is/stok-vara/?ProductName=HEAVEN-Sofi-3ja-saeta-XL-graenn&PathId=4281ffde-4606-4172-b524-c44ff6c618af,https://www.ilva.is/library/Images/Products/V010559.jpg?proc=366x366,2026-10-07 17:46 UTC
2.0,Aspen tungusófi vinstri Kentucky koníak,239992,1,239992,,Húsgagnahöllin,mid-century modern,leather-look,"The candidate sofa is leather, has visible metal legs, and lacks the soft, relaxed look of the references.",https://husgagnahollin.is/vara/aspen-tungusofi-vinstri-kentucky-koniak/,https://husgagnahollin.is/wp-content/uploads/2022/05/Aspen-tungusofi-tungusofar-sofi-sofar-KSO014586.jpg,2026-10-07 17:46 UTC
2.0,Viborg sófi 3s Dollaro leður/split svart,244993,1,244993,,Húsgagnahöllin,"modern, minimalist",leather,"The candidate sofa is leather and dark in color, which does not match the light, fabric, and relaxed style of the references.",https://husgagnahollin.is/vara/viborg-sofi-3s-dollaro-ledur-split-svart/,https://husgagnahollin.is/wp-content/uploads/2023/08/Viborg-sofi-3s-Dollaro-ledursplit-svart-34443DSS.jpg,2026-10-07 17:46 UTC
2.0,Nordby sófi 3s eik/olía leður/split koníak,247493,1,247493,,Húsgagnahöllin,mid-century modern,"leather, wood","The candidate sofa is made from leather and wood, lacks a chaise feature, and has exposed wooden arms, contrasting with the soft fabric and relaxed style of the reference images.",https://husgagnahollin.is/vara/nordby-sofi-3s-eik-olia-ledur-split-koniak/,https://husgagnahollin.is/wp-content/uploads/2025/12/Nordby-sofi-3s-eik_olia-ledur_split-koniak-4.webp,2026-10-07 17:46 UTC
2.0,Pinto sófi 4s Kentucky Stone,247992,1,247992,,Húsgagnahöllin,"modern, structured","leather-like, metal legs","The candidate sofa is leather-like with metal legs and structured design, which contrasts with the soft, relaxed look of the references.",https://husgagnahollin.is/vara/pinto-sofi-4s-kentucky-stone/,https://husgagnahollin.is/wp-content/uploads/2019/09/Pinto-sofi-4s-Kentucky-Stone-scaled.jpg,2026-10-07 17:46 UTC
2.0,Clausholm sófi 2s leður Madrid brúnn,254993,1,254993,,Húsgagnahöllin,modern simple,leather,"The candidate sofa is made of leather and is dark brown, which does not match the light, soft woven or linen look of the references.",https://husgagnahollin.is/vara/clausholm-sofi-2s-ledur-madrid-brunn/,https://husgagnahollin.is/wp-content/uploads/2025/04/Clausholm-sofi-2s-ledur-Madrid-brunn-CL2S6514.webp,2026-10-07 17:46 UTC
2.0,Altari hornsófi hægri Slate,254993,1,254993,,Húsgagnahöllin,"dark, structured",woven fabric,"The sofa is dark and structured with visible legs, contrasting with the light, relaxed, and low-profile style in the reference images.",https://husgagnahollin.is/vara/altari-hornsofi-haegri-slate/,https://husgagnahollin.is/wp-content/uploads/2022/09/Altari-hornsofi-haegri-Slate.jpg,2026-10-07 17:46 UTC
2.0,VINSÆL OSLO tungusófi vinstri brúnn leðurblanda P010052 / SK0,269990,1,269990,,JYSK,"modern, sleek",leather blend,"The candidate sofa is brown leather, which doesn't match the light, soft fabric look of the reference. It also features visible metal legs and lacks the relaxed and plush style desired.",https://jysk.is/stok-vara/OSLO-tungusofi-vinstri-brunn-ledurblanda/?PathId=daa6be5b-5fc6-4c03-a44a-6267f53d68a8,https://jysk.is/library/Images/products/P010052.jpg?proc=366x366,2026-10-08 06:47 UTC
2.0,SCOTT Hornsófi vinstri earth,271920,1,271920,,ILVA,"modern, structured","dark fabric, metal legs","The candidate sofa is dark and structured with metal legs, contrasting the light, relaxed, and plush reference style.",https://www.ilva.is/stok-vara/?ProductName=SCOTT-Hornsofi-vinstri-earth&PathId=1fc7d092-ce9e-11ef-81b7-8f3b82297126,https://www.ilva.is/library/Images/Products/V005553.jpg?proc=366x366,2026-10-07 17:46 UTC
2.0,SCOTT Tungusófi hægri koníaksbrúnn,271920,1,271920,,ILVA,"modern, structured",leather,"The candidate sofa is leather, structured, and has visible legs, which contrasts with the desired soft, fabric look and low, plush design.",https://www.ilva.is/stok-vara/?ProductName=SCOTT-Tungusofi-haegri-koniaksbrunn&PathId=1fc7d092-ce9e-11ef-81b7-8f3b82297126,https://www.ilva.is/library/Images/Products/V007268.png?proc=366x366,2026-10-07 17:46 UTC
2.0,SCOTT Tungusófi vinstri stone,271920,1,271920,,ILVA,"modern, rigid",leather or leather-look,"The sofa is a dark color, possibly leather, with angular lines, contrasting the light, soft, relaxed look desired.",https://www.ilva.is/stok-vara/?ProductName=SCOTT-Tungusofi-vinstri-stone&PathId=1fc7d092-ce9e-11ef-81b7-8f3b82297126,https://www.ilva.is/library/Images/Products/V007262.png?proc=366x366,2026-10-07 17:46 UTC
2.0,Aspen hornsófi hægri Kentucky 10 brúnn,271992,1,271992,,Húsgagnahöllin,"modern, angular",leather,"The leather material and dark brown color do not fit the desired light, soft fabric aesthetic and relaxed style.",https://husgagnahollin.is/vara/aspen-hornsofi-haegri-kentucky-brunn-10/,https://husgagnahollin.is/wp-content/uploads/2026/03/KSO022660-Aspen-hornsofi-haegri-Kentucky-brunn-10-1.webp,2026-10-07 17:46 UTC
2.0,Pinto tungusófi hægri Kentucky 01 antrazit,271992,1,271992,,Húsgagnahöllin,sleek modern,leather or faux leather,"The candidate sofa is made of leather or a similar material, with a dark color and visible metal legs, contrasting with the light, soft, and plush style of the reference images.",https://husgagnahollin.is/vara/pinto-tungusofi-haegri-kentucky-01-antrazit/,https://husgagnahollin.is/wp-content/uploads/2025/09/Pinto-tungusofi-Kentucky-antrazit-01-haegri.jpg,2026-10-07 17:46 UTC
2.0,Pinto tungusófi vinstri Kentucky 09 koníak,271992,1,271992,,Húsgagnahöllin,"modern, angular",leather,"The sofa is leather, angular, and features a visible metal base, which doesn't match the desired soft, fabric look with hidden legs.",https://husgagnahollin.is/vara/pinto-tungusofi-vinstri-kentucky-09-koniak/,https://husgagnahollin.is/wp-content/uploads/2025/09/Pinto-tungusofi-Kentucky-09-koniak-vinstri.webp,2026-10-07 17:46 UTC
2.0,Aspen hornsófi hægri Kentucky koníak,271992,1,271992,,Húsgagnahöllin,"modern, angular",leather,"The sofa is made of leather and features dark legs, contrasting with the desired light and soft fabric look.",https://husgagnahollin.is/vara/aspen-hornsofi-haegri-kentucky-koniak/,https://husgagnahollin.is/wp-content/uploads/2022/05/Aspen-hornsofi-hornsofar-sofi-sofar-KSO014582.jpg,2026-10-07 17:46 UTC
2.0,Andros sófi 2s leður brúnn,277493,1,277493,,Húsgagnahöllin,"Chesterfield, tufted",leather,"The sofa is brown leather with Chesterfield tufting, which does not match the target aesthetic of light fabric and simple design.",https://husgagnahollin.is/vara/andros-sofi-2s-ledur-brunn/,https://husgagnahollin.is/wp-content/uploads/2023/07/Andros-sofi-2s-ledur-brunn-PJS05502PJ437.jpg,2026-10-07 17:46 UTC
2.0,SANDVIKEN Sófi 3ja sæta svart leður,279920,1,279920,,ILVA,"modern, minimal",black leather,"The candidate sofa is black leather with exposed wooden legs and lacks the light, soft fabric look and relaxed, plush design of the target aesthetics.",https://www.ilva.is/stok-vara/?ProductName=SANDVIKEN-Sofi-3ja-saeta-svart-ledur&PathId=4281ffde-4606-4172-b524-c44ff6c618af,https://www.ilva.is/library/Images/Products/V007544.jpg?proc=366x366,2026-10-07 17:46 UTC
2.0,Jesi hornsófi vinstri Kentucky 1 dökkgrár,295992,1,295992,,Húsgagnahöllin,modern angular,"dark fabric, not woven","The color and fabric do not match the light, soft woven look desired, and the design is angular rather than soft and relaxed.",https://husgagnahollin.is/vara/jesi-hornsofi-vinstri-kentucky-1-dokkgrar/,https://husgagnahollin.is/wp-content/uploads/2024/03/Jesi-hornsofi-vinstri-Kentucky-1-dokkgrar-KSO018435.webp,2026-10-07 17:46 UTC
2.0,Jesi hornsófi hægri Kentucky 9 koníak,295992,1,295992,,Húsgagnahöllin,"modern, angular",leather,"The candidate sofa is leather with dark coloration and angular lines, contrasting with the light, soft, and relaxed aesthetic of the reference images.",https://husgagnahollin.is/vara/jesi-hornsofi-haegri-kentucky-9-koniak/,https://husgagnahollin.is/wp-content/uploads/2024/03/Jesi-hornsofi-haegri-Kentucky-9-koniak-KSO018390.webp,2026-10-07 17:46 UTC
2.0,VINSÆL OSLO hornsófi opinn-endi hægri brúnn leðurblanda P010053 / SK0,299990,1,299990,,JYSK,modern sectional,leather blend,"The candidate sofa is leather-like and dark brown, contrasting with the light fabric and relaxed style of the references.",https://jysk.is/stok-vara/OSLO-hornsofi-opinn-endi-haegri-brunn-ledurblanda/?PathId=daa6be5b-5fc6-4c03-a44a-6267f53d68a8,https://jysk.is/library/Images/products/P010053.jpg?proc=366x366,2026-10-08 06:47 UTC
2.0,Skandinavískur 60' sófi,300000,1,300000,,Bland (notað),mid-century modern,"dark upholstery, metal legs","The sofa's dark color and metal legs do not match the light, warm, and soft aesthetic desired.",https://bland.is/til-solu/heimilid/antik/skandinaviskur-60-sofi/5290881/,https://img.bland.is/album/img/110974/m/20260929093921_0.jpg,2026-10-07 17:46 UTC
2.0,Pinto hornsófi hægri Kentucky 09 koníak,303992,1,303992,,Húsgagnahöllin,"modern, boxy",faux leather,"The candidate sofa is a dark faux leather with metal legs and a boxy design, which contrasts with the light, soft, and rounded fabric aesthetics of the reference images.",https://husgagnahollin.is/vara/pinto-hornsofi-haegri-kentucky-09-koniak/,https://husgagnahollin.is/wp-content/uploads/2022/12/Pinto-hornsofi-haegri-Kentucky-09-koniak-KSO010361.jpg,2026-10-07 17:46 UTC
2.0,VALENCIA sófi - 2ja sæta,314000,1,314000,,Snúran,"modern, structured",leather,"The sofa's leather material and dark color do not match the light, soft, and relaxed aesthetic.",https://snuran.is/products/furnhouse-valencia-2ja-saeta-ledur-svartur-serpontun-3-4-vikur,https://cdn.shopify.com/s/files/1/0582/7693/7904/files/valencia-2-seater-sofa-black.jpg?v=1742145083,2026-10-07 17:46 UTC
2.0,NARVIK hornsófi opinn-endi vinstri dökkgrár leðurblanda P010393 / SK0,329990,1,329990,,JYSK,modern angular,leather blend,"The candidate sofa is a dark grey leather blend with metal legs, contrasting with the soft, light, fabric, and wooden elements desired.",https://jysk.is/stok-vara/NARVIK-hornsofi-opinn-endi-vinstri-dokkgrar-ledurblanda/?PathId=daa6be5b-5fc6-4c03-a44a-6267f53d68a8,https://jysk.is/library/Images/products/P010393XX.jpg?proc=366x366,2026-10-08 06:47 UTC
2.0,Clausholm sófi 3s leður Madrid svartur,337493,1,337493,,Húsgagnahöllin,"modern, angular",black leather,"The sofa is leather, dark in color, with visible wooden legs, differing significantly from the desired light fabric, soft and rounded style.",https://husgagnahollin.is/vara/clausholm-sofi-3s-ledur-madrid-svartur/,https://husgagnahollin.is/wp-content/uploads/2025/04/Clausholm-sofi-3s-ledur-Madrid-svartur-CL3S6502.webp,2026-10-07 17:46 UTC
2.0,SCOTT Horntungusófi vinstri tunga koníaksbrúnn,351920,1,351920,,ILVA,modern angular,leather-look,"The candidate sofa is a dark leather-look material with angular design, contrasting with the light, soft, relaxed style of the references.",https://www.ilva.is/stok-vara/?ProductName=SCOTT-Horntungusofi-vinstri-tunga-koniaksbrunn&PathId=1fc7d092-ce9e-11ef-81b7-8f3b82297126,https://www.ilva.is/library/Images/Products/V005727.jpg?proc=366x366,2026-10-07 17:46 UTC
2.0,"Sófi RAR 2 sæta, leður Omaha Cognac",351984,1,351984,,Epal,sleek modern,leather,"The leather material and sleek modern design with dark legs do not match the relaxed, fabric, and warm look of the references.",https://www.epal.is/products/sofi-rar-2-saeta-ledur-omaha-cognac,https://cdn.shopify.com/s/files/1/0817/4167/6800/files/12752cf9-c95f-4c32-882f-f6e3a9117e37_52cce5ab-7478-412b-b599-970265ddd3cb.jpg?v=1791253265,2026-10-07 17:46 UTC
2.0,Natuzzi Editions B988 sófi 3s leður 20RE brúnn,363743,1,363743,,Húsgagnahöllin,tufted leather,leather,"The sofa's dark leather material, tufting, and visible legs contrast with the desired soft, light fabric and relaxed style.",https://husgagnahollin.is/vara/natuzzi-editions-b988-sofi-3s-ledur-20re-brunn/,https://husgagnahollin.is/wp-content/uploads/2019/08/Natuzzi-Editions-B988-sofi-3s-ledur-20RE-brunn.jpg,2026-10-07 17:46 UTC
2.0,"NARVIK hornsófi 2,5+1+2,5 dökkgrár leðurblanda P012464 / SK0",369990,1,369990,,JYSK,modern angular,dark gray leather blend,"The candidate sofa is in a dark color and leather blend material, with angular lines and visible metal legs, which differ significantly from the light and soft aesthetic of the reference.",https://jysk.is/stok-vara/NARVIK-hornsofi-2-5-1-2-5-dokkgrar-ledurblanda/?PathId=daa6be5b-5fc6-4c03-a44a-6267f53d68a8,https://jysk.is/library/Images/products/P012464.jpg?proc=366x366,2026-10-08 06:47 UTC
2.0,Imperial sófi 3s Vintage leður svart,370993,1,370993,,Húsgagnahöllin,Chesterfield,black leather,"The candidate sofa is black leather with tufting, which does not align with the desired soft, woven fabric in light colors.",https://husgagnahollin.is/vara/imperial-sofi-3s-vintage-ledur-svart/,https://husgagnahollin.is/wp-content/uploads/2023/03/Imperial-sofi-3s-Vintage-ledur-svart-4673839.webp,2026-10-07 17:46 UTC
2.0,"DC 8900 Sófi 2,5 sæta koníaksbrúnn",383920,1,383920,,ILVA,"modern, sleek",leather,"The brown leather material and sleek design contrast with the desired light, soft, and relaxed aesthetic.",https://www.ilva.is/stok-vara/?ProductName=DC-8900-Sofi-2-5-saeta-koniaksbrunn&PathId=4281ffde-4606-4172-b524-c44ff6c618af,https://www.ilva.is/library/Images/Products/V011727.jpg?proc=366x366,2026-10-07 17:46 UTC
2.0,Pinto u-sófi með tungu vinstri Kentucky koníak,383992,1,383992,,Húsgagnahöllin,modern angular,leather-like,"The sofa is leather-like and dark in color, which does not match the light, soft fabric and relaxed look of the reference images.",https://husgagnahollin.is/vara/pinto-u-sofi-med-tungu-vinstri-kentucky-koniak/,https://husgagnahollin.is/wp-content/uploads/2020/03/Pinto-u-sofi-med-tungu-vinstri-Kentucky-koniak-scaled.jpg,2026-10-07 17:46 UTC
2.0,Aragon sófi 3s m/rafmagni leður brúnn,384993,1,384993,,Húsgagnahöllin,modern bulky,leather,"The candidate is a leather sofa with a modern bulky style, opposite to the light fabric, relaxed look of the references.",https://husgagnahollin.is/vara/aragon-sofi-3s-m-rafmagni-ledur-brunn/,https://husgagnahollin.is/wp-content/uploads/2026/03/KM6622X792012-Aragon-sofi-3s-m-rafmagni-ledur-brunn-1.webp,2026-10-07 17:46 UTC
1.0,Leðursófi,20000,1,20000,,Bland (notað),"dark, blocky",leather,"The candidate sofa is dark leather, blocky, and lacks the soft, light, and relaxed aesthetic of the references.",https://bland.is/til-solu/heimilid/stofa/ledursofi/5293373/,https://img.bland.is/album/img/285151/m/20261007131627_0.jpg,2026-10-07 17:46 UTC
1.0,2ja sæta sófi til sölu,40000,1,40000,,Bland (notað),black recliner,faux leather,The color and material do not match the reference's light fabric aesthetic.,https://bland.is/til-solu/heimilid/stofa/2ja-saeta-sofi-til-solu/5292205/,https://img.bland.is/album/img/3802/m/20261003173158_0.jpg,2026-10-07 17:46 UTC
1.0,FALSLEV sófi 2ja sæta svart leðurlíki P011018 / 3630123,54990,1,54990,,JYSK,"modern, compact",faux leather,"The candidate sofa is black faux leather with visible wooden legs and a compact design, which contrasts strongly with the desired light, soft, and plush fabric look.",https://jysk.is/stok-vara/FALSLEV-sofi-2ja-saeta-svart-ledurliki/?PathId=f6d7172e-17b7-451c-bff9-8ef08a1d4c2a,https://jysk.is/library/Images/products/P011018.jpg?proc=366x366,2026-10-08 06:47 UTC
1.0,Rókókó sófasett,60000,1,60000,,Bland (notað),antique rococo,wood and patterned fabric,"The candidate sofa is an ornate, dark, and patterned piece with wooden frame and traditional style, which is the opposite of the relaxed, light, and minimal look desired.",https://bland.is/til-solu/heimilid/stofa/rokoko-sofasett/5292429/,https://img.bland.is/album/img/187531/m/20261004140042_0.jpg,2026-10-07 17:46 UTC
1.0,FALSLEV sófi 3ja sæta svart leðurlíki P011020 / 3630125,64990,1,64990,,JYSK,structured modern,faux leather,"The candidate sofa is black faux leather with tufted backs, which is opposite in color and material to the light, soft fabric look described.",https://jysk.is/stok-vara/FALSLEV-sofi-3ja-saeta-svart-ledurliki/?PathId=f6d7172e-17b7-451c-bff9-8ef08a1d4c2a,https://jysk.is/library/Images/products/P011020.jpg?proc=366x366,2026-10-08 06:47 UTC
1.0,VINSÆL FALSLEV tungusófi svart leðurlíki P007361 / 3670502,79990,1,79990,,JYSK,"modern, compact",black faux leather,"The candidate sofa is black faux leather with visible tufting, which contrasts with the light, soft, fabric look desired; additionally, the design is more structured and modern rather than relaxed.",https://jysk.is/stok-vara/FALSLEV-tungusofi-svart-ledurliki/?PathId=daa6be5b-5fc6-4c03-a44a-6267f53d68a8,https://jysk.is/library/Images/products/P007361.jpg?proc=366x366,2026-10-08 06:47 UTC
1.0,Andros sófi 2s Velvet Navy,134993,1,134993,,Húsgagnahöllin,Chesterfield tufted,velvet,"The sofa is a dark velvet Chesterfield with tufting, opposite to the light, soft, and relaxed style desired.",https://husgagnahollin.is/vara/andros-sofi-2s-velvet-navy/,https://husgagnahollin.is/wp-content/uploads/2020/09/Andros-sofi-2s-Velvet-Navy-scaled.jpg,2026-10-07 17:46 UTC
1.0,Venice sófi 3s Velvet blár,149993,1,149993,,Húsgagnahöllin,"tufted, bold, angular",velvet,"The candidate sofa is velvet, bright blue, with tufting and angular design, which is opposite to the desired light, soft woven fabric and relaxed aesthetic.",https://husgagnahollin.is/vara/venice-sofi-3s-velvet-blar/,https://husgagnahollin.is/wp-content/uploads/2019/08/Venice-sofi-3s-Velvet-blar.jpg,2026-10-07 17:46 UTC
1.0,Mjög kósý sjónvarpssófi,170000,1,170000,,Bland (notað),recliner sofa,leather,"The candidate is a leather recliner with a dark color and visible mechanisms, contrasting the light, fabric, and minimalist design of the references.",https://bland.is/til-solu/heimilid/stofa/mjog-kosy-sjonvarpssofi/5293438/,https://img.bland.is/album/img/412237/m/20261007171546_0.jpg,2026-10-07 17:46 UTC
1.0,Pinto sófi 2s Kentucky koníak,175992,1,175992,,Húsgagnahöllin,"modern, structured",leather,"The sofa is leather with metal legs, in a dark warm tone, which does not match the light, fabric, or casual aesthetic desired.",https://husgagnahollin.is/vara/pinto-sofi-2s-kentucky-koniak/,https://husgagnahollin.is/wp-content/uploads/2019/10/Pinto-sofi-2s-Kentucky-koniak.jpg,2026-10-07 17:46 UTC
1.0,Venice sófi 3s leður/split svartur,239993,1,239993,,Húsgagnahöllin,"tufted, structured",black leather,"The candidate is a black leather sofa with tufting, which contrasts the light, soft, and relaxed aesthetic desired.",https://husgagnahollin.is/vara/venice-sofi-3s-ledur-split-svartur/,https://husgagnahollin.is/wp-content/uploads/2019/08/Venice-sofi-3s-ledur-split-svartur-548363537.jpg,2026-10-07 17:46 UTC
1.0,Nordby sófi 3s eik/olía leður/split svartur,247493,1,247493,,Húsgagnahöllin,"sleek, modern","leather, wood","The candidate sofa is leather and has a visible wooden frame, which does not match the soft, fabric-based, and relaxed style of the references.",https://husgagnahollin.is/vara/larvik-sofi-3s-eik-olia-ledur-split-svartur/,https://husgagnahollin.is/wp-content/uploads/2023/08/Larvik-sofi-3s-eikolia-ledursplit-svartur-46153EODLS.jpg,2026-10-07 17:46 UTC
1.0,Clausholm sófi 2s leður Madrid svartur,254993,1,254993,,Húsgagnahöllin,modern minimalist,leather,"The candidate sofa is black leather with visible metal legs, which contrasts sharply with the light, fabric-covered, relaxed style of the references.",https://husgagnahollin.is/vara/clausholm-sofi-2s-ledur-madrid-svartur/,https://husgagnahollin.is/wp-content/uploads/2025/04/Clausholm-sofi-2s-ledur-Madrid-svartur-CL2S6502.webp,2026-10-07 17:46 UTC
1.0,Tacoma sófi 3s rafmagn leður/PVC svart,299990,1,299990,,Húsgagnahöllin,modern recliner,leather/PVC,"The sofa is dark leather with a recliner mechanism, contrasting with the light, fabric-covered, relaxed style desired.",https://husgagnahollin.is/vara/tacoma-sofi-3s-rafmagn-ledur-pvc-svart/,https://husgagnahollin.is/wp-content/uploads/2026/06/KW5045T647060-Tacoma-sofi-3s-rafmagn-ledur-PVC-svart-3.webp,2026-10-07 17:46 UTC
1.0,Natuzzi Editions B988 sófi 2s leður 20RA svartur,307493,1,307493,,Húsgagnahöllin,"tufted, structured",leather,"The sofa is black leather with tufting, contrasting sharply with the light, soft, and relaxed aesthetic of the reference images.",https://husgagnahollin.is/vara/natuzzi-editions-b988-sofi-2s-ledur-20ra-svartur/,https://husgagnahollin.is/wp-content/uploads/2019/08/Natuzzi-Editions-B988-sofi-2s-ledur-20RA-svartur.jpg,2026-10-07 17:46 UTC
1.0,Natuzzi Editions B988 sófi 2s leður 20RE brúnn,307493,1,307493,,Húsgagnahöllin,"Chesterfield, tufted",leather,"The sofa is leather with a dark color and Chesterfield tufting, which does not match the light, soft, fabric aesthetic of the reference images.",https://husgagnahollin.is/vara/natuzzi-editions-b988-sofi-2s-ledur-20re-brunn/,https://husgagnahollin.is/wp-content/uploads/2019/08/Natuzzi-Editions-B988-sofi-2s-ledur-20RE-brunn.jpg,2026-10-07 17:46 UTC
1.0,Andros sófi 3s leður brúnn,322493,1,322493,,Húsgagnahöllin,Chesterfield tufted,leather,"The leather material, dark color, and Chesterfield tufting do not match the desired aesthetic.",https://husgagnahollin.is/vara/andros-sofi-3s-ledur-brunn/,https://husgagnahollin.is/wp-content/uploads/2023/07/Andros-sofi-3s-ledur-brunn-PJS05503PJ437.jpg,2026-10-07 17:46 UTC
1.0,Natuzzi Editions B988 sófi 3s leður 20RA svartur,363743,1,363743,,Húsgagnahöllin,"dark, tufted",leather,"The candidate sofa is dark leather with tufting, which is the opposite of the desired light, non-leather, relaxed style.",https://husgagnahollin.is/vara/natuzzi-editions-b988-sofi-3s-ledur-20ra-svartur/,https://husgagnahollin.is/wp-content/uploads/2019/08/Natuzzi-Editions-B988-sofi-3s-ledur-20RA-svartur.jpg,2026-10-07 17:46 UTC
0.0,Sófar,0,1,0,,Bland (notað),structured modern,leather,"The candidate is a structured leather sofa in a bold color, contrasting with the soft and neutral fabric look desired.",https://bland.is/til-solu/heimilid/stofa/sofar/5293238/,https://img.bland.is/album/img/430865/m/20261006213451_0.jpg,2026-10-07 17:46 UTC
0.0,Þriggja sæta sófi,40000,1,40000,,Bland (notað),"modern, sleek",dark fabric,"The candidate sofa is dark and sleek, which is the opposite of the light, relaxed, and plush style desired. It does not match the target aesthetic in color or design elements.",https://bland.is/til-solu/heimilid/stofa/thriggja-saeta-sofi/5293057/,https://img.bland.is/album/img/387396/m/20261006125038_0.jpg,2026-10-07 17:46 UTC
0.0,Andros sófi 3s Velvet Navy,172493,1,172493,,Húsgagnahöllin,"Chesterfield, tufted",velvet,"The candidate sofa is a velvet Chesterfield with tufted details and does not match the light, relaxed aesthetic desired.",https://husgagnahollin.is/vara/andros-sofi-3s-velvet-navy/,https://husgagnahollin.is/wp-content/uploads/2019/08/Andros-sofi-3s-Velvet-Navy.jpg,2026-10-07 17:46 UTC
0.0,SOUL sófi - 2ja sæta,283000,1,283000,,Snúran,modern sleek,faux leather,"The candidate sofa is faux leather with dark metal legs, not matching the light, fabric, relaxed style of the reference images.",https://snuran.is/products/furnhouse-soul-2ja-saeta-ledur-koniak-serpontun-3-4vikur,https://cdn.shopify.com/s/files/1/0582/7693/7904/files/soul-2-seater-sofa-brown.jpg?v=1742145219,2026-10-07 17:46 UTC
0.0,Natuzzi Editions B988 sófi 3s XL leður 20RA svartur,393743,1,393743,,Húsgagnahöllin,"tufted, dark leather",leather,"The sofa is dark leather with tufting, which is opposite to the desired light, fabric, and relaxed style.",https://husgagnahollin.is/vara/natuzzi-editions-b988-sofi-3s-xl-ledur-20ra-svartur/,https://husgagnahollin.is/wp-content/uploads/2021/11/Natuzzi-Editions-B988-sofi-3s-XL-ledur-20RA-svartur-B9880642020RA.jpeg,2026-10-07 17:46 UTC
